id_orden_compra;fecha_emision;fecha_pago;proveedor;categoria;monto_ars;condicion_pago;estado
OC-5001;01-01-2018;08-01-2018;DistribuidoraTech SA;Smartphones;255794843;Contado;Pagado
OC-5002;01-01-2018;12-01-2018;MegaComputo SRL;Computación;33132624;Contado;Pagado
OC-5003;01-01-2018;12-01-2018;DistribuidoraTech SA;Tablets;109255378;30 días;Pagado
OC-5004;01-01-2018;07-01-2018;ElectroImport SA;TV/Audio;22013869;30 días;Pagado
OC-5005;01-01-2018;11-01-2018;AccesoriosTotal SRL;Accesorios;106003285;60 días;Pagado
OC-5006;01-01-2018;19-01-2018;MegaComputo SRL;Periféricos;127504749;Contado;Pagado
OC-5007;01-01-2018;08-01-2018;MegaComputo SRL;Almacenamiento;7481191;Contado;Pagado
OC-5008;01-01-2018;13-01-2018;NetSupply SA;Redes;61392166;Contado;Pagado
OC-5009;01-01-2018;10-01-2018;NetSupply SA;Seguridad;49038467;Contado;Pagado
OC-5010;01-02-2018;09-02-2018;DistribuidoraTech SA;Smartphones;263485642;Contado;Pagado
OC-5011;01-02-2018;07-02-2018;MegaComputo SRL;Computación;295476749;60 días;Pagado
OC-5012;01-02-2018;17-02-2018;DistribuidoraTech SA;Tablets;109255404;60 días;Pagado
OC-5013;01-02-2018;16-02-2018;ElectroImport SA;TV/Audio;194011239;Contado;Pagado
OC-5014;01-02-2018;11-02-2018;AccesoriosTotal SRL;Accesorios;95843987;30 días;Pagado
OC-5015;01-02-2018;06-02-2018;MegaComputo SRL;Periféricos;135711406;30 días;Pagado
OC-5016;01-02-2018;19-02-2018;MegaComputo SRL;Almacenamiento;80697645;60 días;Pagado
OC-5017;01-02-2018;13-02-2018;NetSupply SA;Redes;70249542;30 días;Pagado
OC-5018;01-02-2018;10-02-2018;NetSupply SA;Seguridad;46998752;30 días;Pagado
OC-5019;01-03-2018;09-03-2018;DistribuidoraTech SA;Smartphones;263272012;Contado;Pagado
OC-5020;01-03-2018;10-03-2018;MegaComputo SRL;Computación;344975703;60 días;Pagado
OC-5021;01-03-2018;09-03-2018;DistribuidoraTech SA;Tablets;13783141;30 días;Pagado
OC-5022;01-03-2018;20-03-2018;ElectroImport SA;TV/Audio;204003709;30 días;Pagado
OC-5023;01-03-2018;12-03-2018;AccesoriosTotal SRL;Accesorios;102853333;30 días;Pagado
OC-5024;01-03-2018;11-03-2018;MegaComputo SRL;Periféricos;141284941;Contado;Pagado
OC-5025;01-03-2018;05-03-2018;MegaComputo SRL;Almacenamiento;91341696;Contado;Pagado
OC-5026;01-03-2018;13-03-2018;NetSupply SA;Redes;64231021;Contado;Pagado
OC-5027;01-03-2018;15-03-2018;NetSupply SA;Seguridad;55776533;60 días;Pagado
OC-5028;01-04-2018;05-04-2018;DistribuidoraTech SA;Smartphones;349285183;60 días;Pagado
OC-5029;01-04-2018;19-04-2018;MegaComputo SRL;Computación;347682194;Contado;Pagado
OC-5030;01-04-2018;10-04-2018;DistribuidoraTech SA;Tablets;143697195;30 días;Pagado
OC-5031;01-04-2018;05-04-2018;ElectroImport SA;TV/Audio;286258769;30 días;Pagado
OC-5032;01-04-2018;11-04-2018;AccesoriosTotal SRL;Accesorios;124221193;30 días;Pagado
OC-5033;01-04-2018;18-04-2018;MegaComputo SRL;Periféricos;176940943;60 días;Pagado
OC-5034;01-04-2018;16-04-2018;MegaComputo SRL;Almacenamiento;95233118;60 días;Pagado
OC-5035;01-04-2018;11-04-2018;NetSupply SA;Redes;73347651;30 días;Pagado
OC-5036;01-04-2018;19-04-2018;NetSupply SA;Seguridad;67119688;30 días;Pagado
OC-5037;01-05-2018;09-05-2018;DistribuidoraTech SA;Smartphones;468001433;30 días;Pagado
OC-5038;01-05-2018;11-05-2018;MegaComputo SRL;Computación;490777685;60 días;Pagado
OC-5039;01-05-2018;20-05-2018;DistribuidoraTech SA;Tablets;256343121;30 días;Pagado
OC-5040;01-05-2018;09-05-2018;ElectroImport SA;TV/Audio;407031072;30 días;Pagado
OC-5041;01-05-2018;13-05-2018;AccesoriosTotal SRL;Accesorios;19188555;Contado;Pagado
OC-5042;01-05-2018;13-05-2018;MegaComputo SRL;Periféricos;240215728;30 días;Pagado
OC-5043;01-05-2018;07-05-2018;MegaComputo SRL;Almacenamiento;165767636;60 días;Pagado
OC-5044;01-05-2018;14-05-2018;NetSupply SA;Redes;13887163;60 días;Pagado
OC-5045;01-05-2018;18-05-2018;NetSupply SA;Seguridad;94163714;60 días;Pagado
OC-5046;01-06-2018;16-06-2018;DistribuidoraTech SA;Smartphones;29847491;60 días;Pagado
OC-5047;01-06-2018;06-06-2018;MegaComputo SRL;Computación;312071664;Contado;Pagado
OC-5048;01-06-2018;06-06-2018;DistribuidoraTech SA;Tablets;139610102;Contado;Pagado
OC-5049;01-06-2018;18-06-2018;ElectroImport SA;TV/Audio;22721206;Contado;Pagado
OC-5050;01-06-2018;15-06-2018;AccesoriosTotal SRL;Accesorios;98843881;60 días;Pagado
OC-5051;01-06-2018;13-06-2018;MegaComputo SRL;Periféricos;134086163;30 días;Pagado
OC-5052;01-06-2018;20-06-2018;MegaComputo SRL;Almacenamiento;94994912;Contado;Pagado
OC-5053;01-06-2018;13-06-2018;NetSupply SA;Redes;68863654;60 días;Pagado
OC-5054;01-06-2018;18-06-2018;NetSupply SA;Seguridad;6213066;Contado;Pagado
OC-5055;01-07-2018;18-07-2018;DistribuidoraTech SA;Smartphones;505699928;60 días;Pagado
OC-5056;01-07-2018;17-07-2018;MegaComputo SRL;Computación;509425096;Contado;Pagado
OC-5057;01-07-2018;16-07-2018;DistribuidoraTech SA;Tablets;21825934;30 días;Pagado
OC-5058;01-07-2018;10-07-2018;ElectroImport SA;TV/Audio;373229282;60 días;Pagado
OC-5059;01-07-2018;17-07-2018;AccesoriosTotal SRL;Accesorios;190465831;30 días;Pagado
OC-5060;01-07-2018;13-07-2018;MegaComputo SRL;Periféricos;210486967;Contado;Pagado
OC-5061;01-07-2018;17-07-2018;MegaComputo SRL;Almacenamiento;145977167;60 días;Pagado
OC-5062;01-07-2018;17-07-2018;NetSupply SA;Redes;117093315;60 días;Pagado
OC-5063;01-07-2018;06-07-2018;NetSupply SA;Seguridad;98822696;Contado;Pagado
OC-5064;01-08-2018;18-08-2018;DistribuidoraTech SA;Smartphones;296659253;Contado;Pagado
OC-5065;01-08-2018;18-08-2018;MegaComputo SRL;Computación;328670848;30 días;Pagado
OC-5066;01-08-2018;14-08-2018;DistribuidoraTech SA;Tablets;122281635;60 días;Pagado
OC-5067;01-08-2018;09-08-2018;ElectroImport SA;TV/Audio;21598949;Contado;Pagado
OC-5068;01-08-2018;10-08-2018;AccesoriosTotal SRL;Accesorios;112482242;60 días;Pagado
OC-5069;01-08-2018;18-08-2018;MegaComputo SRL;Periféricos;154784482;60 días;Pagado
OC-5070;01-08-2018;11-08-2018;MegaComputo SRL;Almacenamiento;81885126;Contado;Pagado
OC-5071;01-08-2018;17-08-2018;NetSupply SA;Redes;67269217;30 días;Pagado
OC-5072;01-08-2018;11-08-2018;NetSupply SA;Seguridad;51918563;30 días;Pagado
OC-5073;01-09-2018;11-09-2018;DistribuidoraTech SA;Smartphones;433548362;Contado;Pagado
OC-5074;01-09-2018;19-09-2018;MegaComputo SRL;Computación;447612712;Contado;Pagado
OC-5075;01-09-2018;05-09-2018;DistribuidoraTech SA;Tablets;17240261;Contado;Pagado
OC-5076;01-09-2018;09-09-2018;ElectroImport SA;TV/Audio;312056221;Contado;Pagado
OC-5077;01-09-2018;08-09-2018;AccesoriosTotal SRL;Accesorios;175572229;Contado;Pagado
OC-5078;01-09-2018;17-09-2018;MegaComputo SRL;Periféricos;210714672;Contado;Pagado
OC-5079;01-09-2018;18-09-2018;MegaComputo SRL;Almacenamiento;11829714;60 días;Pagado
OC-5080;01-09-2018;17-09-2018;NetSupply SA;Redes;108943222;30 días;Pagado
OC-5081;01-09-2018;09-09-2018;NetSupply SA;Seguridad;90225216;Contado;Pagado
OC-5082;01-10-2018;18-10-2018;DistribuidoraTech SA;Smartphones;490096072;30 días;Pagado
OC-5083;01-10-2018;20-10-2018;MegaComputo SRL;Computación;520689823;60 días;Pagado
OC-5084;01-10-2018;16-10-2018;DistribuidoraTech SA;Tablets;237660876;60 días;Pagado
OC-5085;01-10-2018;06-10-2018;ElectroImport SA;TV/Audio;411989273;60 días;Pagado
OC-5086;01-10-2018;08-10-2018;AccesoriosTotal SRL;Accesorios;187193251;Contado;Pagado
OC-5087;01-10-2018;17-10-2018;MegaComputo SRL;Periféricos;25162498;60 días;Pagado
OC-5088;01-10-2018;10-10-2018;MegaComputo SRL;Almacenamiento;146973694;Contado;Pagado
OC-5089;01-10-2018;10-10-2018;NetSupply SA;Redes;111442738;30 días;Pagado
OC-5090;01-10-2018;12-10-2018;NetSupply SA;Seguridad;105054766;30 días;Pagado
OC-5091;01-11-2018;06-11-2018;DistribuidoraTech SA;Smartphones;481475119;60 días;Pagado
OC-5092;01-11-2018;05-11-2018;MegaComputo SRL;Computación;511352522;30 días;Pagado
OC-5093;01-11-2018;20-11-2018;DistribuidoraTech SA;Tablets;200522754;60 días;Pagado
OC-5094;01-11-2018;13-11-2018;ElectroImport SA;TV/Audio;365046269;60 días;Pagado
OC-5095;01-11-2018;09-11-2018;AccesoriosTotal SRL;Accesorios;165141529;30 días;Pagado
OC-5096;01-11-2018;08-11-2018;MegaComputo SRL;Periféricos;230698011;30 días;Pagado
OC-5097;01-11-2018;14-11-2018;MegaComputo SRL;Almacenamiento;11413215;Contado;Pagado
OC-5098;01-11-2018;08-11-2018;NetSupply SA;Redes;103287488;Contado;Pagado
OC-5099;01-11-2018;14-11-2018;NetSupply SA;Seguridad;67820038;30 días;Pagado
OC-5100;01-12-2018;12-12-2018;DistribuidoraTech SA;Smartphones;511834786;30 días;Pagado
OC-5101;01-12-2018;12-12-2018;MegaComputo SRL;Computación;590491486;Contado;Pagado
OC-5102;01-12-2018;07-12-2018;DistribuidoraTech SA;Tablets;252625706;60 días;Pagado
OC-5103;01-12-2018;09-12-2018;ElectroImport SA;TV/Audio;389939009;60 días;Pagado
OC-5104;01-12-2018;18-12-2018;AccesoriosTotal SRL;Accesorios;202060779;Contado;Pagado
OC-5105;01-12-2018;10-12-2018;MegaComputo SRL;Periféricos;24769253;Contado;Pagado
OC-5106;01-12-2018;06-12-2018;MegaComputo SRL;Almacenamiento;170314053;Contado;Pagado
OC-5107;01-12-2018;16-12-2018;NetSupply SA;Redes;127280747;Contado;Pagado
OC-5108;01-12-2018;19-12-2018;NetSupply SA;Seguridad;113907094;30 días;Pagado
OC-5109;01-01-2019;08-01-2019;DistribuidoraTech SA;Smartphones;482016079;60 días;Pagado
OC-5110;01-01-2019;05-01-2019;MegaComputo SRL;Computación;511236426;30 días;Pagado
OC-5111;01-01-2019;20-01-2019;DistribuidoraTech SA;Tablets;188475043;Contado;Pagado
OC-5112;01-01-2019;17-01-2019;ElectroImport SA;TV/Audio;320282981;Contado;Pagado
OC-5113;01-01-2019;08-01-2019;AccesoriosTotal SRL;Accesorios;176592921;60 días;Pagado
OC-5114;01-01-2019;06-01-2019;MegaComputo SRL;Periféricos;220885887;30 días;Pagado
OC-5115;01-01-2019;15-01-2019;MegaComputo SRL;Almacenamiento;119263981;30 días;Pagado
OC-5116;01-01-2019;16-01-2019;NetSupply SA;Redes;119079727;60 días;Pagado
OC-5117;01-01-2019;20-01-2019;NetSupply SA;Seguridad;88960545;30 días;Pagado
OC-5118;01-02-2019;16-02-2019;DistribuidoraTech SA;Smartphones;454079668;Contado;Pagado
OC-5119;01-02-2019;14-02-2019;MegaComputo SRL;Computación;541902424;60 días;Pagado
OC-5120;01-02-2019;19-02-2019;DistribuidoraTech SA;Tablets;183043736;60 días;Pagado
OC-5121;01-02-2019;05-02-2019;ElectroImport SA;TV/Audio;289147296;60 días;Pagado
OC-5122;01-02-2019;06-02-2019;AccesoriosTotal SRL;Accesorios;165345358;30 días;Pagado
OC-5123;01-02-2019;19-02-2019;MegaComputo SRL;Periféricos;246860722;Contado;Pagado
OC-5124;01-02-2019;13-02-2019;MegaComputo SRL;Almacenamiento;130197245;60 días;Pagado
OC-5125;01-02-2019;19-02-2019;NetSupply SA;Redes;106779702;Contado;Pagado
OC-5126;01-02-2019;16-02-2019;NetSupply SA;Seguridad;83154208;60 días;Pagado
OC-5127;01-03-2019;17-03-2019;DistribuidoraTech SA;Smartphones;460991049;30 días;Pagado
OC-5128;01-03-2019;15-03-2019;MegaComputo SRL;Computación;484193031;60 días;Pagado
OC-5129;01-03-2019;09-03-2019;DistribuidoraTech SA;Tablets;199384376;60 días;Pagado
OC-5130;01-03-2019;20-03-2019;ElectroImport SA;TV/Audio;399866632;30 días;Pagado
OC-5131;01-03-2019;09-03-2019;AccesoriosTotal SRL;Accesorios;22273107;60 días;Pagado
OC-5132;01-03-2019;09-03-2019;MegaComputo SRL;Periféricos;21506961;60 días;Pagado
OC-5133;01-03-2019;15-03-2019;MegaComputo SRL;Almacenamiento;132433672;30 días;Pagado
OC-5134;01-03-2019;18-03-2019;NetSupply SA;Redes;110161292;60 días;Pagado
OC-5135;01-03-2019;19-03-2019;NetSupply SA;Seguridad;103986909;30 días;Pagado
OC-5136;01-04-2019;08-04-2019;DistribuidoraTech SA;Smartphones;577675032;30 días;Pagado
OC-5137;01-04-2019;19-04-2019;MegaComputo SRL;Computación;586770777;Contado;Pagado
OC-5138;01-04-2019;05-04-2019;DistribuidoraTech SA;Tablets;235232134;30 días;Pagado
OC-5139;01-04-2019;08-04-2019;ElectroImport SA;TV/Audio;490168722;Contado;Pagado
OC-5140;01-04-2019;16-04-2019;AccesoriosTotal SRL;Accesorios;218569732;Contado;Pagado
OC-5141;01-04-2019;08-04-2019;MegaComputo SRL;Periféricos;27146331;60 días;Pagado
OC-5142;01-04-2019;09-04-2019;MegaComputo SRL;Almacenamiento;135147883;60 días;Pagado
OC-5143;01-04-2019;10-04-2019;NetSupply SA;Redes;144826416;60 días;Pagado
OC-5144;01-04-2019;07-04-2019;NetSupply SA;Seguridad;108863678;Contado;Pagado
OC-5145;01-05-2019;17-05-2019;DistribuidoraTech SA;Smartphones;738564625;Contado;Pagado
OC-5146;01-05-2019;15-05-2019;MegaComputo SRL;Computación;812177681;60 días;Pagado
OC-5147;01-05-2019;17-05-2019;DistribuidoraTech SA;Tablets;354323051;60 días;Pagado
OC-5148;01-05-2019;13-05-2019;ElectroImport SA;TV/Audio;481210267;30 días;Pagado
OC-5149;01-05-2019;05-05-2019;AccesoriosTotal SRL;Accesorios;264886368;Contado;Pagado
OC-5150;01-05-2019;14-05-2019;MegaComputo SRL;Periféricos;423532672;60 días;Pagado
OC-5151;01-05-2019;16-05-2019;MegaComputo SRL;Almacenamiento;198135204;60 días;Pagado
OC-5152;01-05-2019;18-05-2019;NetSupply SA;Redes;171901368;Contado;Pagado
OC-5153;01-05-2019;05-05-2019;NetSupply SA;Seguridad;161118858;Contado;Pagado
OC-5154;01-06-2019;05-06-2019;DistribuidoraTech SA;Smartphones;521035429;Contado;Pagado
OC-5155;01-06-2019;07-06-2019;MegaComputo SRL;Computación;573557499;60 días;Pagado
OC-5156;01-06-2019;17-06-2019;DistribuidoraTech SA;Tablets;263242735;Contado;Pagado
OC-5157;01-06-2019;05-06-2019;ElectroImport SA;TV/Audio;396069091;Contado;Pagado
OC-5158;01-06-2019;09-06-2019;AccesoriosTotal SRL;Accesorios;198671251;Contado;Pagado
OC-5159;01-06-2019;18-06-2019;MegaComputo SRL;Periféricos;275262114;60 días;Pagado
OC-5160;01-06-2019;09-06-2019;MegaComputo SRL;Almacenamiento;157674135;60 días;Pagado
OC-5161;01-06-2019;09-06-2019;NetSupply SA;Redes;140409961;60 días;Pagado
OC-5162;01-06-2019;08-06-2019;NetSupply SA;Seguridad;98437766;Contado;Pagado
OC-5163;01-07-2019;11-07-2019;DistribuidoraTech SA;Smartphones;694593115;30 días;Pagado
OC-5164;01-07-2019;16-07-2019;MegaComputo SRL;Computación;747673764;Contado;Pagado
OC-5165;01-07-2019;14-07-2019;DistribuidoraTech SA;Tablets;298035438;Contado;Pagado
OC-5166;01-07-2019;12-07-2019;ElectroImport SA;TV/Audio;490855323;60 días;Pagado
OC-5167;01-07-2019;14-07-2019;AccesoriosTotal SRL;Accesorios;264274945;30 días;Pagado
OC-5168;01-07-2019;14-07-2019;MegaComputo SRL;Periféricos;327113357;Contado;Pagado
OC-5169;01-07-2019;11-07-2019;MegaComputo SRL;Almacenamiento;225670028;Contado;Pagado
OC-5170;01-07-2019;14-07-2019;NetSupply SA;Redes;178680937;60 días;Pagado
OC-5171;01-07-2019;13-07-2019;NetSupply SA;Seguridad;141600877;Contado;Pagado
OC-5172;01-08-2019;15-08-2019;DistribuidoraTech SA;Smartphones;484163318;60 días;Pagado
OC-5173;01-08-2019;17-08-2019;MegaComputo SRL;Computación;501887808;30 días;Pagado
OC-5174;01-08-2019;18-08-2019;DistribuidoraTech SA;Tablets;22503125;60 días;Pagado
OC-5175;01-08-2019;18-08-2019;ElectroImport SA;TV/Audio;437647198;Contado;Pagado
OC-5176;01-08-2019;18-08-2019;AccesoriosTotal SRL;Accesorios;183030203;30 días;Pagado
OC-5177;01-08-2019;09-08-2019;MegaComputo SRL;Periféricos;254576858;30 días;Pagado
OC-5178;01-08-2019;08-08-2019;MegaComputo SRL;Almacenamiento;142050747;30 días;Pagado
OC-5179;01-08-2019;13-08-2019;NetSupply SA;Redes;12277523;60 días;Pagado
OC-5180;01-08-2019;18-08-2019;NetSupply SA;Seguridad;9703996;60 días;Pagado
OC-5181;01-09-2019;06-09-2019;DistribuidoraTech SA;Smartphones;571302566;Contado;Pagado
OC-5182;01-09-2019;09-09-2019;MegaComputo SRL;Computación;599027844;30 días;Pagado
OC-5183;01-09-2019;18-09-2019;DistribuidoraTech SA;Tablets;238168193;Contado;Pagado
OC-5184;01-09-2019;20-09-2019;ElectroImport SA;TV/Audio;385513605;60 días;Pagado
OC-5185;01-09-2019;20-09-2019;AccesoriosTotal SRL;Accesorios;224468134;60 días;Pagado
OC-5186;01-09-2019;16-09-2019;MegaComputo SRL;Periféricos;289198421;Contado;Pagado
OC-5187;01-09-2019;18-09-2019;MegaComputo SRL;Almacenamiento;166265361;Contado;Pagado
OC-5188;01-09-2019;13-09-2019;NetSupply SA;Redes;137060963;60 días;Pagado
OC-5189;01-09-2019;11-09-2019;NetSupply SA;Seguridad;12340932;60 días;Pagado
OC-5190;01-10-2019;12-10-2019;DistribuidoraTech SA;Smartphones;756851715;30 días;Pagado
OC-5191;01-10-2019;05-10-2019;MegaComputo SRL;Computación;800144973;60 días;Pagado
OC-5192;01-10-2019;09-10-2019;DistribuidoraTech SA;Tablets;309561162;30 días;Pagado
OC-5193;01-10-2019;17-10-2019;ElectroImport SA;TV/Audio;540139675;60 días;Pagado
OC-5194;01-10-2019;14-10-2019;AccesoriosTotal SRL;Accesorios;245402312;30 días;Pagado
OC-5195;01-10-2019;10-10-2019;MegaComputo SRL;Periféricos;283910743;30 días;Pagado
OC-5196;01-10-2019;08-10-2019;MegaComputo SRL;Almacenamiento;223034093;30 días;Pagado
OC-5197;01-10-2019;17-10-2019;NetSupply SA;Redes;169021451;30 días;Pagado
OC-5198;01-10-2019;06-10-2019;NetSupply SA;Seguridad;170352532;30 días;Pagado
OC-5199;01-11-2019;11-11-2019;DistribuidoraTech SA;Smartphones;710275679;60 días;Pagado
OC-5200;01-11-2019;08-11-2019;MegaComputo SRL;Computación;847575873;60 días;Pagado
OC-5201;01-11-2019;09-11-2019;DistribuidoraTech SA;Tablets;362695959;Contado;Pagado
OC-5202;01-11-2019;19-11-2019;ElectroImport SA;TV/Audio;564928816;Contado;Pagado
OC-5203;01-11-2019;17-11-2019;AccesoriosTotal SRL;Accesorios;291600884;30 días;Pagado
OC-5204;01-11-2019;06-11-2019;MegaComputo SRL;Periféricos;366744548;60 días;Pagado
OC-5205;01-11-2019;14-11-2019;MegaComputo SRL;Almacenamiento;216246428;Contado;Pagado
OC-5206;01-11-2019;17-11-2019;NetSupply SA;Redes;192212462;60 días;Pagado
OC-5207;01-11-2019;10-11-2019;NetSupply SA;Seguridad;149668527;60 días;Pagado
OC-5208;01-12-2019;11-12-2019;DistribuidoraTech SA;Smartphones;821977947;60 días;Pagado
OC-5209;01-12-2019;08-12-2019;MegaComputo SRL;Computación;1089686703;60 días;Pagado
OC-5210;01-12-2019;14-12-2019;DistribuidoraTech SA;Tablets;455099724;30 días;Pagado
OC-5211;01-12-2019;05-12-2019;ElectroImport SA;TV/Audio;783016511;Contado;Pagado
OC-5212;01-12-2019;09-12-2019;AccesoriosTotal SRL;Accesorios;44453522;Contado;Pagado
OC-5213;01-12-2019;19-12-2019;MegaComputo SRL;Periféricos;504649199;30 días;Pagado
OC-5214;01-12-2019;08-12-2019;MegaComputo SRL;Almacenamiento;295144098;Contado;Pagado
OC-5215;01-12-2019;13-12-2019;NetSupply SA;Redes;263352015;Contado;Pagado
OC-5216;01-12-2019;08-12-2019;NetSupply SA;Seguridad;232002448;Contado;Pagado
OC-5217;01-01-2020;19-01-2020;DistribuidoraTech SA;Smartphones;780548666;30 días;Pagado
OC-5218;01-01-2020;08-01-2020;MegaComputo SRL;Computación;94177924;60 días;Pagado
OC-5219;01-01-2020;16-01-2020;DistribuidoraTech SA;Tablets;407593345;30 días;Pagado
OC-5220;01-01-2020;06-01-2020;ElectroImport SA;TV/Audio;620021058;Contado;Pagado
OC-5221;01-01-2020;05-01-2020;AccesoriosTotal SRL;Accesorios;286214691;Contado;Pagado
OC-5222;01-01-2020;07-01-2020;MegaComputo SRL;Periféricos;408645112;60 días;Pagado
OC-5223;01-01-2020;12-01-2020;MegaComputo SRL;Almacenamiento;262413174;30 días;Pagado
OC-5224;01-01-2020;09-01-2020;NetSupply SA;Redes;192894762;Contado;Pagado
OC-5225;01-01-2020;09-01-2020;NetSupply SA;Seguridad;171762299;Contado;Pagado
OC-5226;01-02-2020;20-02-2020;DistribuidoraTech SA;Smartphones;857078546;60 días;Pagado
OC-5227;01-02-2020;06-02-2020;MegaComputo SRL;Computación;992382252;30 días;Pagado
OC-5228;01-02-2020;18-02-2020;DistribuidoraTech SA;Tablets;411097476;60 días;Pagado
OC-5229;01-02-2020;14-02-2020;ElectroImport SA;TV/Audio;728083217;Contado;Pagado
OC-5230;01-02-2020;19-02-2020;AccesoriosTotal SRL;Accesorios;342827329;30 días;Pagado
OC-5231;01-02-2020;16-02-2020;MegaComputo SRL;Periféricos;447829201;Contado;Pagado
OC-5232;01-02-2020;15-02-2020;MegaComputo SRL;Almacenamiento;232651943;Contado;Pagado
OC-5233;01-02-2020;20-02-2020;NetSupply SA;Redes;242843727;30 días;Pagado
OC-5234;01-02-2020;12-02-2020;NetSupply SA;Seguridad;184602607;30 días;Pagado
OC-5235;01-03-2020;13-03-2020;DistribuidoraTech SA;Smartphones;33299425;Contado;Pagado
OC-5236;01-03-2020;10-03-2020;MegaComputo SRL;Computación;33303575;Contado;Pagado
OC-5237;01-03-2020;14-03-2020;DistribuidoraTech SA;Tablets;11748262;60 días;Pagado
OC-5238;01-03-2020;19-03-2020;ElectroImport SA;TV/Audio;25018113;60 días;Pagado
OC-5239;01-03-2020;20-03-2020;AccesoriosTotal SRL;Accesorios;11551556;60 días;Pagado
OC-5240;01-03-2020;14-03-2020;MegaComputo SRL;Periféricos;16551203;60 días;Pagado
OC-5241;01-03-2020;14-03-2020;MegaComputo SRL;Almacenamiento;8993373;Contado;Pagado
OC-5242;01-03-2020;11-03-2020;NetSupply SA;Redes;885265;30 días;Pagado
OC-5243;01-03-2020;07-03-2020;NetSupply SA;Seguridad;5662606;60 días;Pagado
OC-5244;01-04-2020;07-04-2020;DistribuidoraTech SA;Smartphones;21437864;30 días;Pagado
OC-5245;01-04-2020;17-04-2020;MegaComputo SRL;Computación;24233511;Contado;Pagado
OC-5246;01-04-2020;08-04-2020;DistribuidoraTech SA;Tablets;9210647;60 días;Pagado
OC-5247;01-04-2020;18-04-2020;ElectroImport SA;TV/Audio;15025357;Contado;Pagado
OC-5248;01-04-2020;09-04-2020;AccesoriosTotal SRL;Accesorios;8274759;Contado;Pagado
OC-5249;01-04-2020;07-04-2020;MegaComputo SRL;Periféricos;8982191;30 días;Pagado
OC-5250;01-04-2020;18-04-2020;MegaComputo SRL;Almacenamiento;5954678;Contado;Pagado
OC-5251;01-04-2020;16-04-2020;NetSupply SA;Redes;518102;60 días;Pagado
OC-5252;01-04-2020;06-04-2020;NetSupply SA;Seguridad;4541392;30 días;Pagado
OC-5253;01-05-2020;15-05-2020;DistribuidoraTech SA;Smartphones;66759402;60 días;Pagado
OC-5254;01-05-2020;19-05-2020;MegaComputo SRL;Computación;69506841;60 días;Pagado
OC-5255;01-05-2020;05-05-2020;DistribuidoraTech SA;Tablets;28289851;60 días;Pagado
OC-5256;01-05-2020;16-05-2020;ElectroImport SA;TV/Audio;49936656;30 días;Pagado
OC-5257;01-05-2020;10-05-2020;AccesoriosTotal SRL;Accesorios;28041017;Contado;Pagado
OC-5258;01-05-2020;18-05-2020;MegaComputo SRL;Periféricos;28771692;Contado;Pagado
OC-5259;01-05-2020;19-05-2020;MegaComputo SRL;Almacenamiento;18262425;60 días;Pagado
OC-5260;01-05-2020;11-05-2020;NetSupply SA;Redes;14379513;60 días;Pagado
OC-5261;01-05-2020;20-05-2020;NetSupply SA;Seguridad;13671604;Contado;Pagado
OC-5262;01-06-2020;18-06-2020;DistribuidoraTech SA;Smartphones;360005657;Contado;Pagado
OC-5263;01-06-2020;15-06-2020;MegaComputo SRL;Computación;369436312;Contado;Pagado
OC-5264;01-06-2020;19-06-2020;DistribuidoraTech SA;Tablets;151967889;Contado;Pagado
OC-5265;01-06-2020;13-06-2020;ElectroImport SA;TV/Audio;246092249;60 días;Pagado
OC-5266;01-06-2020;14-06-2020;AccesoriosTotal SRL;Accesorios;133455555;30 días;Pagado
OC-5267;01-06-2020;08-06-2020;MegaComputo SRL;Periféricos;15090747;Contado;Pagado
OC-5268;01-06-2020;12-06-2020;MegaComputo SRL;Almacenamiento;91900558;Contado;Pagado
OC-5269;01-06-2020;13-06-2020;NetSupply SA;Redes;80034956;30 días;Pagado
OC-5270;01-06-2020;17-06-2020;NetSupply SA;Seguridad;64438183;Contado;Pagado
OC-5271;01-07-2020;18-07-2020;DistribuidoraTech SA;Smartphones;614850638;60 días;Pagado
OC-5272;01-07-2020;18-07-2020;MegaComputo SRL;Computación;632525047;30 días;Pagado
OC-5273;01-07-2020;14-07-2020;DistribuidoraTech SA;Tablets;244226906;60 días;Pagado
OC-5274;01-07-2020;11-07-2020;ElectroImport SA;TV/Audio;489028344;60 días;Pagado
OC-5275;01-07-2020;07-07-2020;AccesoriosTotal SRL;Accesorios;256454136;30 días;Pagado
OC-5276;01-07-2020;07-07-2020;MegaComputo SRL;Periféricos;269302046;60 días;Pagado
OC-5277;01-07-2020;05-07-2020;MegaComputo SRL;Almacenamiento;16626577;60 días;Pagado
OC-5278;01-07-2020;20-07-2020;NetSupply SA;Redes;121115462;60 días;Pagado
OC-5279;01-07-2020;10-07-2020;NetSupply SA;Seguridad;10897085;Contado;Pagado
OC-5280;01-08-2020;14-08-2020;DistribuidoraTech SA;Smartphones;494416554;60 días;Pagado
OC-5281;01-08-2020;15-08-2020;MegaComputo SRL;Computación;488281969;30 días;Pagado
OC-5282;01-08-2020;14-08-2020;DistribuidoraTech SA;Tablets;253874797;Contado;Pagado
OC-5283;01-08-2020;06-08-2020;ElectroImport SA;TV/Audio;421780534;Contado;Pagado
OC-5284;01-08-2020;13-08-2020;AccesoriosTotal SRL;Accesorios;194571662;60 días;Pagado
OC-5285;01-08-2020;12-08-2020;MegaComputo SRL;Periféricos;223174391;Contado;Pagado
OC-5286;01-08-2020;06-08-2020;MegaComputo SRL;Almacenamiento;149194472;60 días;Pagado
OC-5287;01-08-2020;19-08-2020;NetSupply SA;Redes;123645872;30 días;Pagado
OC-5288;01-08-2020;14-08-2020;NetSupply SA;Seguridad;103630998;30 días;Pagado
OC-5289;01-09-2020;07-09-2020;DistribuidoraTech SA;Smartphones;488396924;Contado;Pagado
OC-5290;01-09-2020;15-09-2020;MegaComputo SRL;Computación;645745589;30 días;Pagado
OC-5291;01-09-2020;05-09-2020;DistribuidoraTech SA;Tablets;268498309;60 días;Pagado
OC-5292;01-09-2020;12-09-2020;ElectroImport SA;TV/Audio;406739088;60 días;Pagado
OC-5293;01-09-2020;19-09-2020;AccesoriosTotal SRL;Accesorios;196237587;30 días;Pagado
OC-5294;01-09-2020;09-09-2020;MegaComputo SRL;Periféricos;306800912;60 días;Pagado
OC-5295;01-09-2020;07-09-2020;MegaComputo SRL;Almacenamiento;168233115;Contado;Pagado
OC-5296;01-09-2020;06-09-2020;NetSupply SA;Redes;149145713;30 días;Pagado
OC-5297;01-09-2020;07-09-2020;NetSupply SA;Seguridad;11451144;Contado;Pagado
OC-5298;01-10-2020;13-10-2020;DistribuidoraTech SA;Smartphones;851805361;60 días;Pagado
OC-5299;01-10-2020;17-10-2020;MegaComputo SRL;Computación;1021768545;Contado;Pagado
OC-5300;01-10-2020;15-10-2020;DistribuidoraTech SA;Tablets;411991621;Contado;Pagado
OC-5301;01-10-2020;07-10-2020;ElectroImport SA;TV/Audio;707410136;Contado;Pagado
OC-5302;01-10-2020;06-10-2020;AccesoriosTotal SRL;Accesorios;355586992;30 días;Pagado
OC-5303;01-10-2020;05-10-2020;MegaComputo SRL;Periféricos;41403483;60 días;Pagado
OC-5304;01-10-2020;19-10-2020;MegaComputo SRL;Almacenamiento;268771037;Contado;Pagado
OC-5305;01-10-2020;14-10-2020;NetSupply SA;Redes;241118547;60 días;Pagado
OC-5306;01-10-2020;18-10-2020;NetSupply SA;Seguridad;18562614;Contado;Pagado
OC-5307;01-11-2020;18-11-2020;DistribuidoraTech SA;Smartphones;807761015;60 días;Pagado
OC-5308;01-11-2020;09-11-2020;MegaComputo SRL;Computación;1082837093;60 días;Pagado
OC-5309;01-11-2020;17-11-2020;DistribuidoraTech SA;Tablets;44578967;30 días;Pagado
OC-5310;01-11-2020;19-11-2020;ElectroImport SA;TV/Audio;828919464;Contado;Pagado
OC-5311;01-11-2020;15-11-2020;AccesoriosTotal SRL;Accesorios;417661627;60 días;Pagado
OC-5312;01-11-2020;09-11-2020;MegaComputo SRL;Periféricos;493863245;Contado;Pagado
OC-5313;01-11-2020;08-11-2020;MegaComputo SRL;Almacenamiento;256774742;Contado;Pagado
OC-5314;01-11-2020;18-11-2020;NetSupply SA;Redes;235370122;30 días;Pagado
OC-5315;01-11-2020;15-11-2020;NetSupply SA;Seguridad;177946569;30 días;Pagado
OC-5316;01-12-2020;09-12-2020;DistribuidoraTech SA;Smartphones;1159033251;Contado;Pagado
OC-5317;01-12-2020;15-12-2020;MegaComputo SRL;Computación;1563203082;Contado;Pagado
OC-5318;01-12-2020;12-12-2020;DistribuidoraTech SA;Tablets;553864276;Contado;Pagado
OC-5319;01-12-2020;17-12-2020;ElectroImport SA;TV/Audio;1185346842;30 días;Pagado
OC-5320;01-12-2020;08-12-2020;AccesoriosTotal SRL;Accesorios;495567054;60 días;Pagado
OC-5321;01-12-2020;13-12-2020;MegaComputo SRL;Periféricos;602606949;Contado;Pagado
OC-5322;01-12-2020;14-12-2020;MegaComputo SRL;Almacenamiento;40193883;30 días;Pagado
OC-5323;01-12-2020;14-12-2020;NetSupply SA;Redes;31755486;30 días;Pagado
OC-5324;01-12-2020;12-12-2020;NetSupply SA;Seguridad;26133004;30 días;Pagado
OC-5325;01-01-2021;14-01-2021;DistribuidoraTech SA;Smartphones;1405486143;Contado;Pagado
OC-5326;01-01-2021;05-01-2021;MegaComputo SRL;Computación;1546014688;Contado;Pagado
OC-5327;01-01-2021;09-01-2021;DistribuidoraTech SA;Tablets;635104649;30 días;Pagado
OC-5328;01-01-2021;20-01-2021;ElectroImport SA;TV/Audio;1077103643;Contado;Pagado
OC-5329;01-01-2021;12-01-2021;AccesoriosTotal SRL;Accesorios;632957384;30 días;Pagado
OC-5330;01-01-2021;15-01-2021;MegaComputo SRL;Periféricos;74651503;60 días;Pagado
OC-5331;01-01-2021;07-01-2021;MegaComputo SRL;Almacenamiento;446062994;60 días;Pagado
OC-5332;01-01-2021;13-01-2021;NetSupply SA;Redes;38677983;60 días;Pagado
OC-5333;01-01-2021;10-01-2021;NetSupply SA;Seguridad;302159399;Contado;Pagado
OC-5334;01-02-2021;17-02-2021;DistribuidoraTech SA;Smartphones;1752066255;30 días;Pagado
OC-5335;01-02-2021;06-02-2021;MegaComputo SRL;Computación;1687403142;Contado;Pagado
OC-5336;01-02-2021;08-02-2021;DistribuidoraTech SA;Tablets;55796128;60 días;Pagado
OC-5337;01-02-2021;19-02-2021;ElectroImport SA;TV/Audio;1139819325;Contado;Pagado
OC-5338;01-02-2021;10-02-2021;AccesoriosTotal SRL;Accesorios;549099475;60 días;Pagado
OC-5339;01-02-2021;14-02-2021;MegaComputo SRL;Periféricos;769437978;30 días;Pagado
OC-5340;01-02-2021;19-02-2021;MegaComputo SRL;Almacenamiento;430296543;30 días;Pagado
OC-5341;01-02-2021;15-02-2021;NetSupply SA;Redes;385712112;60 días;Pagado
OC-5342;01-02-2021;05-02-2021;NetSupply SA;Seguridad;280447412;Contado;Pagado
OC-5343;01-03-2021;05-03-2021;DistribuidoraTech SA;Smartphones;1690121208;30 días;Pagado
OC-5344;01-03-2021;18-03-2021;MegaComputo SRL;Computación;1753530469;Contado;Pagado
OC-5345;01-03-2021;07-03-2021;DistribuidoraTech SA;Tablets;728589252;60 días;Pagado
OC-5346;01-03-2021;09-03-2021;ElectroImport SA;TV/Audio;1355463979;30 días;Pagado
OC-5347;01-03-2021;20-03-2021;AccesoriosTotal SRL;Accesorios;689745226;60 días;Pagado
OC-5348;01-03-2021;05-03-2021;MegaComputo SRL;Periféricos;92724527;30 días;Pagado
OC-5349;01-03-2021;13-03-2021;MegaComputo SRL;Almacenamiento;544468254;30 días;Pagado
OC-5350;01-03-2021;07-03-2021;NetSupply SA;Redes;44746506;Contado;Pagado
OC-5351;01-03-2021;20-03-2021;NetSupply SA;Seguridad;344352515;Contado;Pagado
OC-5352;01-04-2021;14-04-2021;DistribuidoraTech SA;Smartphones;1746976283;30 días;Pagado
OC-5353;01-04-2021;19-04-2021;MegaComputo SRL;Computación;2099273728;30 días;Pagado
OC-5354;01-04-2021;16-04-2021;DistribuidoraTech SA;Tablets;896226007;Contado;Pagado
OC-5355;01-04-2021;06-04-2021;ElectroImport SA;TV/Audio;1593363481;60 días;Pagado
OC-5356;01-04-2021;11-04-2021;AccesoriosTotal SRL;Accesorios;728124882;Contado;Pagado
OC-5357;01-04-2021;14-04-2021;MegaComputo SRL;Periféricos;883988211;60 días;Pagado
OC-5358;01-04-2021;06-04-2021;MegaComputo SRL;Almacenamiento;579944151;Contado;Pagado
OC-5359;01-04-2021;11-04-2021;NetSupply SA;Redes;365936935;30 días;Pagado
OC-5360;01-04-2021;13-04-2021;NetSupply SA;Seguridad;41003582;30 días;Pagado
OC-5361;01-05-2021;12-05-2021;DistribuidoraTech SA;Smartphones;2534966129;Contado;Pagado
OC-5362;01-05-2021;09-05-2021;MegaComputo SRL;Computación;248209888;60 días;Pagado
OC-5363;01-05-2021;07-05-2021;DistribuidoraTech SA;Tablets;1011164494;30 días;Pagado
OC-5364;01-05-2021;17-05-2021;ElectroImport SA;TV/Audio;2153251807;30 días;Pagado
OC-5365;01-05-2021;07-05-2021;AccesoriosTotal SRL;Accesorios;846868502;Contado;Pagado
OC-5366;01-05-2021;18-05-2021;MegaComputo SRL;Periféricos;1129918719;60 días;Pagado
OC-5367;01-05-2021;20-05-2021;MegaComputo SRL;Almacenamiento;789527671;30 días;Pagado
OC-5368;01-05-2021;05-05-2021;NetSupply SA;Redes;527512913;60 días;Pagado
OC-5369;01-05-2021;14-05-2021;NetSupply SA;Seguridad;467613532;30 días;Pagado
OC-5370;01-06-2021;09-06-2021;DistribuidoraTech SA;Smartphones;1643195251;30 días;Pagado
OC-5371;01-06-2021;05-06-2021;MegaComputo SRL;Computación;214648228;30 días;Pagado
OC-5372;01-06-2021;18-06-2021;DistribuidoraTech SA;Tablets;721093471;30 días;Pagado
OC-5373;01-06-2021;12-06-2021;ElectroImport SA;TV/Audio;1194701622;30 días;Pagado
OC-5374;01-06-2021;13-06-2021;AccesoriosTotal SRL;Accesorios;683057497;60 días;Pagado
OC-5375;01-06-2021;09-06-2021;MegaComputo SRL;Periféricos;801219821;60 días;Pagado
OC-5376;01-06-2021;18-06-2021;MegaComputo SRL;Almacenamiento;52657565;30 días;Pagado
OC-5377;01-06-2021;06-06-2021;NetSupply SA;Redes;433335804;60 días;Pagado
OC-5378;01-06-2021;18-06-2021;NetSupply SA;Seguridad;30369034;Contado;Pagado
OC-5379;01-07-2021;16-07-2021;DistribuidoraTech SA;Smartphones;2322998864;Contado;Pagado
OC-5380;01-07-2021;05-07-2021;MegaComputo SRL;Computación;2118625214;60 días;Pagado
OC-5381;01-07-2021;19-07-2021;DistribuidoraTech SA;Tablets;874495989;60 días;Pagado
OC-5382;01-07-2021;19-07-2021;ElectroImport SA;TV/Audio;1694826185;60 días;Pagado
OC-5383;01-07-2021;05-07-2021;AccesoriosTotal SRL;Accesorios;915788376;Contado;Pagado
OC-5384;01-07-2021;19-07-2021;MegaComputo SRL;Periféricos;908310096;60 días;Pagado
OC-5385;01-07-2021;07-07-2021;MegaComputo SRL;Almacenamiento;585015715;60 días;Pagado
OC-5386;01-07-2021;16-07-2021;NetSupply SA;Redes;54499254;60 días;Pagado
OC-5387;01-07-2021;19-07-2021;NetSupply SA;Seguridad;38643509;60 días;Pagado
OC-5388;01-08-2021;18-08-2021;DistribuidoraTech SA;Smartphones;1770065967;30 días;Pagado
OC-5389;01-08-2021;09-08-2021;MegaComputo SRL;Computación;1859227559;Contado;Pagado
OC-5390;01-08-2021;15-08-2021;DistribuidoraTech SA;Tablets;817766068;30 días;Pagado
OC-5391;01-08-2021;08-08-2021;ElectroImport SA;TV/Audio;1258838756;Contado;Pagado
OC-5392;01-08-2021;15-08-2021;AccesoriosTotal SRL;Accesorios;716934685;30 días;Pagado
OC-5393;01-08-2021;05-08-2021;MegaComputo SRL;Periféricos;907984806;Contado;Pagado
OC-5394;01-08-2021;16-08-2021;MegaComputo SRL;Almacenamiento;552990798;Contado;Pagado
OC-5395;01-08-2021;17-08-2021;NetSupply SA;Redes;418685639;60 días;Pagado
OC-5396;01-08-2021;19-08-2021;NetSupply SA;Seguridad;390108644;60 días;Pagado
OC-5397;01-09-2021;08-09-2021;DistribuidoraTech SA;Smartphones;1781060788;Contado;Pagado
OC-5398;01-09-2021;15-09-2021;MegaComputo SRL;Computación;2229696251;Contado;Pagado
OC-5399;01-09-2021;16-09-2021;DistribuidoraTech SA;Tablets;1151590799;30 días;Pagado
OC-5400;01-09-2021;11-09-2021;ElectroImport SA;TV/Audio;1716418605;60 días;Pagado
OC-5401;01-09-2021;16-09-2021;AccesoriosTotal SRL;Accesorios;933277966;Contado;Pagado
OC-5402;01-09-2021;10-09-2021;MegaComputo SRL;Periféricos;1086518729;60 días;Pagado
OC-5403;01-09-2021;16-09-2021;MegaComputo SRL;Almacenamiento;731473094;Contado;Pagado
OC-5404;01-09-2021;05-09-2021;NetSupply SA;Redes;526914767;60 días;Pagado
OC-5405;01-09-2021;10-09-2021;NetSupply SA;Seguridad;435776793;30 días;Pagado
OC-5406;01-10-2021;15-10-2021;DistribuidoraTech SA;Smartphones;2282544088;30 días;Pagado
OC-5407;01-10-2021;14-10-2021;MegaComputo SRL;Computación;2634392318;60 días;Pagado
OC-5408;01-10-2021;19-10-2021;DistribuidoraTech SA;Tablets;818281752;Contado;Pagado
OC-5409;01-10-2021;08-10-2021;ElectroImport SA;TV/Audio;1777400737;Contado;Pagado
OC-5410;01-10-2021;07-10-2021;AccesoriosTotal SRL;Accesorios;795099089;60 días;Pagado
OC-5411;01-10-2021;12-10-2021;MegaComputo SRL;Periféricos;1061949154;30 días;Pagado
OC-5412;01-10-2021;15-10-2021;MegaComputo SRL;Almacenamiento;612555933;Contado;Pagado
OC-5413;01-10-2021;18-10-2021;NetSupply SA;Redes;437699457;Contado;Pagado
OC-5414;01-10-2021;08-10-2021;NetSupply SA;Seguridad;462764834;Contado;Pagado
OC-5415;01-11-2021;11-11-2021;DistribuidoraTech SA;Smartphones;2230197887;30 días;Pagado
OC-5416;01-11-2021;17-11-2021;MegaComputo SRL;Computación;2725712506;30 días;Pagado
OC-5417;01-11-2021;09-11-2021;DistribuidoraTech SA;Tablets;1111673025;30 días;Pagado
OC-5418;01-11-2021;06-11-2021;ElectroImport SA;TV/Audio;1866571745;30 días;Pagado
OC-5419;01-11-2021;09-11-2021;AccesoriosTotal SRL;Accesorios;1047634401;60 días;Pagado
OC-5420;01-11-2021;17-11-2021;MegaComputo SRL;Periféricos;1209451623;30 días;Pagado
OC-5421;01-11-2021;19-11-2021;MegaComputo SRL;Almacenamiento;704742178;Contado;Pagado
OC-5422;01-11-2021;05-11-2021;NetSupply SA;Redes;550408733;Contado;Pagado
OC-5423;01-11-2021;18-11-2021;NetSupply SA;Seguridad;461468324;60 días;Pagado
OC-5424;01-12-2021;14-12-2021;DistribuidoraTech SA;Smartphones;2303246514;30 días;Pagado
OC-5425;01-12-2021;07-12-2021;MegaComputo SRL;Computación;2058854323;60 días;Pagado
OC-5426;01-12-2021;15-12-2021;DistribuidoraTech SA;Tablets;1137151065;60 días;Pagado
OC-5427;01-12-2021;15-12-2021;ElectroImport SA;TV/Audio;176066011;Contado;Pagado
OC-5428;01-12-2021;16-12-2021;AccesoriosTotal SRL;Accesorios;829311748;Contado;Pagado
OC-5429;01-12-2021;08-12-2021;MegaComputo SRL;Periféricos;1166999294;30 días;Pagado
OC-5430;01-12-2021;12-12-2021;MegaComputo SRL;Almacenamiento;64602470;30 días;Pagado
OC-5431;01-12-2021;16-12-2021;NetSupply SA;Redes;596640431;30 días;Pagado
OC-5432;01-12-2021;20-12-2021;NetSupply SA;Seguridad;407708688;30 días;Pagado
OC-5433;01-01-2022;12-01-2022;DistribuidoraTech SA;Smartphones;1707453611;Contado;Pagado
OC-5434;01-01-2022;07-01-2022;MegaComputo SRL;Computación;2136971666;30 días;Pagado
OC-5435;01-01-2022;05-01-2022;DistribuidoraTech SA;Tablets;914427382;Contado;Pagado
OC-5436;01-01-2022;12-01-2022;ElectroImport SA;TV/Audio;1506651007;30 días;Pagado
OC-5437;01-01-2022;14-01-2022;AccesoriosTotal SRL;Accesorios;755418767;60 días;Pagado
OC-5438;01-01-2022;08-01-2022;MegaComputo SRL;Periféricos;865290741;60 días;Pagado
OC-5439;01-01-2022;12-01-2022;MegaComputo SRL;Almacenamiento;533351962;60 días;Pagado
OC-5440;01-01-2022;17-01-2022;NetSupply SA;Redes;439206449;60 días;Pagado
OC-5441;01-01-2022;17-01-2022;NetSupply SA;Seguridad;409296225;30 días;Pagado
OC-5442;01-02-2022;15-02-2022;DistribuidoraTech SA;Smartphones;2001087225;30 días;Pagado
OC-5443;01-02-2022;19-02-2022;MegaComputo SRL;Computación;2063283653;Contado;Pagado
OC-5444;01-02-2022;13-02-2022;DistribuidoraTech SA;Tablets;940691283;Contado;Pagado
OC-5445;01-02-2022;13-02-2022;ElectroImport SA;TV/Audio;1511840091;60 días;Pagado
OC-5446;01-02-2022;14-02-2022;AccesoriosTotal SRL;Accesorios;788443657;60 días;Pagado
OC-5447;01-02-2022;17-02-2022;MegaComputo SRL;Periféricos;884602383;Contado;Pagado
OC-5448;01-02-2022;11-02-2022;MegaComputo SRL;Almacenamiento;533419087;60 días;Pagado
OC-5449;01-02-2022;14-02-2022;NetSupply SA;Redes;444550761;60 días;Pagado
OC-5450;01-02-2022;07-02-2022;NetSupply SA;Seguridad;333168034;Contado;Pagado
OC-5451;01-03-2022;06-03-2022;DistribuidoraTech SA;Smartphones;1678786654;60 días;Pagado
OC-5452;01-03-2022;09-03-2022;MegaComputo SRL;Computación;1964561449;60 días;Pagado
OC-5453;01-03-2022;10-03-2022;DistribuidoraTech SA;Tablets;745547974;Contado;Pagado
OC-5454;01-03-2022;14-03-2022;ElectroImport SA;TV/Audio;1454086076;60 días;Pagado
OC-5455;01-03-2022;12-03-2022;AccesoriosTotal SRL;Accesorios;654821804;Contado;Pagado
OC-5456;01-03-2022;07-03-2022;MegaComputo SRL;Periféricos;815319613;60 días;Pagado
OC-5457;01-03-2022;17-03-2022;MegaComputo SRL;Almacenamiento;522578951;Contado;Pagado
OC-5458;01-03-2022;17-03-2022;NetSupply SA;Redes;363958571;Contado;Pagado
OC-5459;01-03-2022;06-03-2022;NetSupply SA;Seguridad;378078687;30 días;Pagado
OC-5460;01-04-2022;09-04-2022;DistribuidoraTech SA;Smartphones;2330043653;Contado;Pagado
OC-5461;01-04-2022;14-04-2022;MegaComputo SRL;Computación;2584384238;30 días;Pagado
OC-5462;01-04-2022;13-04-2022;DistribuidoraTech SA;Tablets;1051512072;60 días;Pagado
OC-5463;01-04-2022;08-04-2022;ElectroImport SA;TV/Audio;1748170506;60 días;Pagado
OC-5464;01-04-2022;06-04-2022;AccesoriosTotal SRL;Accesorios;899402008;30 días;Pagado
OC-5465;01-04-2022;16-04-2022;MegaComputo SRL;Periféricos;1137109941;30 días;Pagado
OC-5466;01-04-2022;05-04-2022;MegaComputo SRL;Almacenamiento;584825252;60 días;Pagado
OC-5467;01-04-2022;17-04-2022;NetSupply SA;Redes;560257139;Contado;Pagado
OC-5468;01-04-2022;17-04-2022;NetSupply SA;Seguridad;427783353;30 días;Pagado
OC-5469;01-05-2022;16-05-2022;DistribuidoraTech SA;Smartphones;2606405861;Contado;Pagado
OC-5470;01-05-2022;20-05-2022;MegaComputo SRL;Computación;2459663381;30 días;Pagado
OC-5471;01-05-2022;11-05-2022;DistribuidoraTech SA;Tablets;1011617607;Contado;Pagado
OC-5472;01-05-2022;18-05-2022;ElectroImport SA;TV/Audio;1639322868;60 días;Pagado
OC-5473;01-05-2022;14-05-2022;AccesoriosTotal SRL;Accesorios;879928827;30 días;Pagado
OC-5474;01-05-2022;12-05-2022;MegaComputo SRL;Periféricos;94339092;30 días;Pagado
OC-5475;01-05-2022;14-05-2022;MegaComputo SRL;Almacenamiento;782590829;60 días;Pagado
OC-5476;01-05-2022;05-05-2022;NetSupply SA;Redes;594229183;Contado;Pagado
OC-5477;01-05-2022;20-05-2022;NetSupply SA;Seguridad;440841892;60 días;Pagado
OC-5478;01-06-2022;19-06-2022;DistribuidoraTech SA;Smartphones;2373066028;30 días;Pagado
OC-5479;01-06-2022;05-06-2022;MegaComputo SRL;Computación;2316336761;Contado;Pagado
OC-5480;01-06-2022;20-06-2022;DistribuidoraTech SA;Tablets;1011568203;Contado;Pagado
OC-5481;01-06-2022;05-06-2022;ElectroImport SA;TV/Audio;1663040583;Contado;Pagado
OC-5482;01-06-2022;18-06-2022;AccesoriosTotal SRL;Accesorios;800687851;30 días;Pagado
OC-5483;01-06-2022;17-06-2022;MegaComputo SRL;Periféricos;1210271323;30 días;Pagado
OC-5484;01-06-2022;18-06-2022;MegaComputo SRL;Almacenamiento;678567576;30 días;Pagado
OC-5485;01-06-2022;17-06-2022;NetSupply SA;Redes;491381377;30 días;Pagado
OC-5486;01-06-2022;06-06-2022;NetSupply SA;Seguridad;426001452;Contado;Pagado
OC-5487;01-07-2022;13-07-2022;DistribuidoraTech SA;Smartphones;2411218698;Contado;Pagado
OC-5488;01-07-2022;09-07-2022;MegaComputo SRL;Computación;2262542978;Contado;Pagado
OC-5489;01-07-2022;17-07-2022;DistribuidoraTech SA;Tablets;1031343266;Contado;Pagado
OC-5490;01-07-2022;05-07-2022;ElectroImport SA;TV/Audio;1643730118;30 días;Pagado
OC-5491;01-07-2022;14-07-2022;AccesoriosTotal SRL;Accesorios;890318359;30 días;Pagado
OC-5492;01-07-2022;07-07-2022;MegaComputo SRL;Periféricos;1137422149;60 días;Pagado
OC-5493;01-07-2022;18-07-2022;MegaComputo SRL;Almacenamiento;620324999;Contado;Pagado
OC-5494;01-07-2022;15-07-2022;NetSupply SA;Redes;539966777;30 días;Pagado
OC-5495;01-07-2022;07-07-2022;NetSupply SA;Seguridad;447411709;30 días;Pagado
OC-5496;01-08-2022;15-08-2022;DistribuidoraTech SA;Smartphones;2085159869;Contado;Pagado
OC-5497;01-08-2022;09-08-2022;MegaComputo SRL;Computación;2362576197;Contado;Pagado
OC-5498;01-08-2022;19-08-2022;DistribuidoraTech SA;Tablets;908766181;60 días;Pagado
OC-5499;01-08-2022;20-08-2022;ElectroImport SA;TV/Audio;1762131357;60 días;Pagado
OC-5500;01-08-2022;16-08-2022;AccesoriosTotal SRL;Accesorios;948972662;60 días;Pagado
OC-5501;01-08-2022;15-08-2022;MegaComputo SRL;Periféricos;990530611;Contado;Pagado
OC-5502;01-08-2022;13-08-2022;MegaComputo SRL;Almacenamiento;618312764;Contado;Pagado
OC-5503;01-08-2022;13-08-2022;NetSupply SA;Redes;456801738;60 días;Pagado
OC-5504;01-08-2022;14-08-2022;NetSupply SA;Seguridad;454764169;60 días;Pagado
OC-5505;01-09-2022;10-09-2022;DistribuidoraTech SA;Smartphones;1847173491;30 días;Pagado
OC-5506;01-09-2022;11-09-2022;MegaComputo SRL;Computación;2423637363;60 días;Pagado
OC-5507;01-09-2022;14-09-2022;DistribuidoraTech SA;Tablets;996684359;30 días;Pagado
OC-5508;01-09-2022;16-09-2022;ElectroImport SA;TV/Audio;1817895181;Contado;Pagado
OC-5509;01-09-2022;14-09-2022;AccesoriosTotal SRL;Accesorios;872270355;Contado;Pagado
OC-5510;01-09-2022;12-09-2022;MegaComputo SRL;Periféricos;931222185;Contado;Pagado
OC-5511;01-09-2022;11-09-2022;MegaComputo SRL;Almacenamiento;628728344;60 días;Pagado
OC-5512;01-09-2022;18-09-2022;NetSupply SA;Redes;537844105;30 días;Pagado
OC-5513;01-09-2022;12-09-2022;NetSupply SA;Seguridad;441691932;60 días;Pagado
OC-5514;01-10-2022;20-10-2022;DistribuidoraTech SA;Smartphones;2860074787;Contado;Pagado
OC-5515;01-10-2022;08-10-2022;MegaComputo SRL;Computación;2905865481;30 días;Pagado
OC-5516;01-10-2022;15-10-2022;DistribuidoraTech SA;Tablets;1220161726;60 días;Pagado
OC-5517;01-10-2022;09-10-2022;ElectroImport SA;TV/Audio;2170886314;Contado;Pagado
OC-5518;01-10-2022;14-10-2022;AccesoriosTotal SRL;Accesorios;983256628;60 días;Pagado
OC-5519;01-10-2022;14-10-2022;MegaComputo SRL;Periféricos;1261830043;60 días;Pagado
OC-5520;01-10-2022;15-10-2022;MegaComputo SRL;Almacenamiento;815827995;30 días;Pagado
OC-5521;01-10-2022;15-10-2022;NetSupply SA;Redes;63795093;30 días;Pagado
OC-5522;01-10-2022;17-10-2022;NetSupply SA;Seguridad;483026049;60 días;Pagado
OC-5523;01-11-2022;18-11-2022;DistribuidoraTech SA;Smartphones;2561424089;30 días;Pagado
OC-5524;01-11-2022;16-11-2022;MegaComputo SRL;Computación;3385692506;30 días;Pagado
OC-5525;01-11-2022;13-11-2022;DistribuidoraTech SA;Tablets;1349327919;60 días;Pagado
OC-5526;01-11-2022;10-11-2022;ElectroImport SA;TV/Audio;236025368;60 días;Pagado
OC-5527;01-11-2022;18-11-2022;AccesoriosTotal SRL;Accesorios;1135790263;30 días;Pagado
OC-5528;01-11-2022;13-11-2022;MegaComputo SRL;Periféricos;1390019968;Contado;Pagado
OC-5529;01-11-2022;05-11-2022;MegaComputo SRL;Almacenamiento;733637868;Contado;Pagado
OC-5530;01-11-2022;05-11-2022;NetSupply SA;Redes;76357213;60 días;Pagado
OC-5531;01-11-2022;10-11-2022;NetSupply SA;Seguridad;564170427;30 días;Pagado
OC-5532;01-12-2022;20-12-2022;DistribuidoraTech SA;Smartphones;3000587781;30 días;Pagado
OC-5533;01-12-2022;16-12-2022;MegaComputo SRL;Computación;2908403015;60 días;Pagado
OC-5534;01-12-2022;11-12-2022;DistribuidoraTech SA;Tablets;1455845332;Contado;Pagado
OC-5535;01-12-2022;20-12-2022;ElectroImport SA;TV/Audio;2321058799;Contado;Pagado
OC-5536;01-12-2022;10-12-2022;AccesoriosTotal SRL;Accesorios;1132322148;Contado;Pagado
OC-5537;01-12-2022;13-12-2022;MegaComputo SRL;Periféricos;1312670665;60 días;Pagado
OC-5538;01-12-2022;14-12-2022;MegaComputo SRL;Almacenamiento;868874671;30 días;Pagado
OC-5539;01-12-2022;06-12-2022;NetSupply SA;Redes;749860984;30 días;Pagado
OC-5540;01-12-2022;10-12-2022;NetSupply SA;Seguridad;469198594;60 días;Pagado
OC-5541;01-01-2023;11-01-2023;DistribuidoraTech SA;Smartphones;3826244408;60 días;Pagado
OC-5542;01-01-2023;12-01-2023;MegaComputo SRL;Computación;4214365797;Contado;Pagado
OC-5543;01-01-2023;09-01-2023;DistribuidoraTech SA;Tablets;1803436146;60 días;Pagado
OC-5544;01-01-2023;09-01-2023;ElectroImport SA;TV/Audio;2679127743;30 días;Pagado
OC-5545;01-01-2023;14-01-2023;AccesoriosTotal SRL;Accesorios;1646221522;60 días;Pagado
OC-5546;01-01-2023;10-01-2023;MegaComputo SRL;Periféricos;204798375;60 días;Pagado
OC-5547;01-01-2023;13-01-2023;MegaComputo SRL;Almacenamiento;1232320773;60 días;Pagado
OC-5548;01-01-2023;14-01-2023;NetSupply SA;Redes;91581418;30 días;Pagado
OC-5549;01-01-2023;06-01-2023;NetSupply SA;Seguridad;843049849;60 días;Pagado
OC-5550;01-02-2023;13-02-2023;DistribuidoraTech SA;Smartphones;3173608874;30 días;Pagado
OC-5551;01-02-2023;08-02-2023;MegaComputo SRL;Computación;310249540;60 días;Pagado
OC-5552;01-02-2023;09-02-2023;DistribuidoraTech SA;Tablets;1565443543;Contado;Pagado
OC-5553;01-02-2023;08-02-2023;ElectroImport SA;TV/Audio;2702195554;30 días;Pagado
OC-5554;01-02-2023;15-02-2023;AccesoriosTotal SRL;Accesorios;1490259443;Contado;Pagado
OC-5555;01-02-2023;09-02-2023;MegaComputo SRL;Periféricos;155674314;Contado;Pagado
OC-5556;01-02-2023;17-02-2023;MegaComputo SRL;Almacenamiento;990154445;30 días;Pagado
OC-5557;01-02-2023;10-02-2023;NetSupply SA;Redes;819003442;Contado;Pagado
OC-5558;01-02-2023;05-02-2023;NetSupply SA;Seguridad;722498218;Contado;Pagado
OC-5559;01-03-2023;18-03-2023;DistribuidoraTech SA;Smartphones;3482005086;Contado;Pagado
OC-5560;01-03-2023;10-03-2023;MegaComputo SRL;Computación;4621258619;60 días;Pagado
OC-5561;01-03-2023;05-03-2023;DistribuidoraTech SA;Tablets;1614801219;Contado;Pagado
OC-5562;01-03-2023;08-03-2023;ElectroImport SA;TV/Audio;294218238;Contado;Pagado
OC-5563;01-03-2023;18-03-2023;AccesoriosTotal SRL;Accesorios;1530214722;Contado;Pagado
OC-5564;01-03-2023;09-03-2023;MegaComputo SRL;Periféricos;1751641057;30 días;Pagado
OC-5565;01-03-2023;07-03-2023;MegaComputo SRL;Almacenamiento;1179657758;30 días;Pagado
OC-5566;01-03-2023;06-03-2023;NetSupply SA;Redes;973229224;Contado;Pagado
OC-5567;01-03-2023;15-03-2023;NetSupply SA;Seguridad;724751933;30 días;Pagado
OC-5568;01-04-2023;08-04-2023;DistribuidoraTech SA;Smartphones;4523780545;60 días;Pagado
OC-5569;01-04-2023;18-04-2023;MegaComputo SRL;Computación;4987009898;Contado;Pagado
OC-5570;01-04-2023;09-04-2023;DistribuidoraTech SA;Tablets;2081250912;60 días;Pagado
OC-5571;01-04-2023;05-04-2023;ElectroImport SA;TV/Audio;3850030565;30 días;Pagado
OC-5572;01-04-2023;18-04-2023;AccesoriosTotal SRL;Accesorios;182818409;Contado;Pagado
OC-5573;01-04-2023;19-04-2023;MegaComputo SRL;Periféricos;2297217567;60 días;Pagado
OC-5574;01-04-2023;07-04-2023;MegaComputo SRL;Almacenamiento;1209751308;60 días;Pagado
OC-5575;01-04-2023;09-04-2023;NetSupply SA;Redes;970065785;30 días;Pagado
OC-5576;01-04-2023;18-04-2023;NetSupply SA;Seguridad;845454019;Contado;Pagado
OC-5577;01-05-2023;11-05-2023;DistribuidoraTech SA;Smartphones;6034307828;60 días;Pagado
OC-5578;01-05-2023;17-05-2023;MegaComputo SRL;Computación;6683166168;60 días;Pagado
OC-5579;01-05-2023;09-05-2023;DistribuidoraTech SA;Tablets;211147249;60 días;Pagado
OC-5580;01-05-2023;17-05-2023;ElectroImport SA;TV/Audio;4753842794;60 días;Pagado
OC-5581;01-05-2023;12-05-2023;AccesoriosTotal SRL;Accesorios;2563990986;60 días;Pagado
OC-5582;01-05-2023;06-05-2023;MegaComputo SRL;Periféricos;3471627272;Contado;Pagado
OC-5583;01-05-2023;06-05-2023;MegaComputo SRL;Almacenamiento;196747880;30 días;Pagado
OC-5584;01-05-2023;16-05-2023;NetSupply SA;Redes;1408745848;Contado;Pagado
OC-5585;01-05-2023;13-05-2023;NetSupply SA;Seguridad;112149970;Contado;Pagado
OC-5586;01-06-2023;19-06-2023;DistribuidoraTech SA;Smartphones;429808048;Contado;Pagado
OC-5587;01-06-2023;11-06-2023;MegaComputo SRL;Computación;4843306774;60 días;Pagado
OC-5588;01-06-2023;18-06-2023;DistribuidoraTech SA;Tablets;2028166216;Contado;Pagado
OC-5589;01-06-2023;19-06-2023;ElectroImport SA;TV/Audio;3466461145;Contado;Pagado
OC-5590;01-06-2023;18-06-2023;AccesoriosTotal SRL;Accesorios;149202826;60 días;Pagado
OC-5591;01-06-2023;07-06-2023;MegaComputo SRL;Periféricos;1837486158;30 días;Pagado
OC-5592;01-06-2023;05-06-2023;MegaComputo SRL;Almacenamiento;1385426237;Contado;Pagado
OC-5593;01-06-2023;05-06-2023;NetSupply SA;Redes;1020179342;60 días;Pagado
OC-5594;01-06-2023;08-06-2023;NetSupply SA;Seguridad;762982576;60 días;Pagado
OC-5595;01-07-2023;12-07-2023;DistribuidoraTech SA;Smartphones;4162460116;Contado;Pagado
OC-5596;01-07-2023;19-07-2023;MegaComputo SRL;Computación;4816096162;60 días;Pagado
OC-5597;01-07-2023;13-07-2023;DistribuidoraTech SA;Tablets;2322319464;Contado;Pagado
OC-5598;01-07-2023;19-07-2023;ElectroImport SA;TV/Audio;3590356467;30 días;Pagado
OC-5599;01-07-2023;09-07-2023;AccesoriosTotal SRL;Accesorios;1936740104;60 días;Pagado
OC-5600;01-07-2023;16-07-2023;MegaComputo SRL;Periféricos;235255283;Contado;Pagado
OC-5601;01-07-2023;10-07-2023;MegaComputo SRL;Almacenamiento;1366734526;30 días;Pagado
OC-5602;01-07-2023;05-07-2023;NetSupply SA;Redes;963553768;60 días;Pagado
OC-5603;01-07-2023;09-07-2023;NetSupply SA;Seguridad;976704973;Contado;Pagado
OC-5604;01-08-2023;15-08-2023;DistribuidoraTech SA;Smartphones;4224983889;Contado;Pagado
OC-5605;01-08-2023;10-08-2023;MegaComputo SRL;Computación;4286610201;30 días;Pagado
OC-5606;01-08-2023;10-08-2023;DistribuidoraTech SA;Tablets;1722783803;30 días;Pagado
OC-5607;01-08-2023;12-08-2023;ElectroImport SA;TV/Audio;3762905406;Contado;Pagado
OC-5608;01-08-2023;10-08-2023;AccesoriosTotal SRL;Accesorios;191269377;60 días;Pagado
OC-5609;01-08-2023;08-08-2023;MegaComputo SRL;Periféricos;1835425377;60 días;Pagado
OC-5610;01-08-2023;15-08-2023;MegaComputo SRL;Almacenamiento;1291311983;30 días;Pagado
OC-5611;01-08-2023;11-08-2023;NetSupply SA;Redes;1155691077;Contado;Pagado
OC-5612;01-08-2023;20-08-2023;NetSupply SA;Seguridad;909540873;Contado;Pagado
OC-5613;01-09-2023;07-09-2023;DistribuidoraTech SA;Smartphones;3630161799;Contado;Pagado
OC-5614;01-09-2023;06-09-2023;MegaComputo SRL;Computación;413652138;30 días;Pagado
OC-5615;01-09-2023;13-09-2023;DistribuidoraTech SA;Tablets;1832714951;Contado;Pagado
OC-5616;01-09-2023;16-09-2023;ElectroImport SA;TV/Audio;3134660712;30 días;Pagado
OC-5617;01-09-2023;09-09-2023;AccesoriosTotal SRL;Accesorios;1592777794;60 días;Pagado
OC-5618;01-09-2023;16-09-2023;MegaComputo SRL;Periféricos;1826822006;30 días;Pagado
OC-5619;01-09-2023;19-09-2023;MegaComputo SRL;Almacenamiento;1020165943;30 días;Pagado
OC-5620;01-09-2023;15-09-2023;NetSupply SA;Redes;964882291;Contado;Pagado
OC-5621;01-09-2023;14-09-2023;NetSupply SA;Seguridad;805669302;60 días;Pagado
OC-5622;01-10-2023;16-10-2023;DistribuidoraTech SA;Smartphones;5177637968;30 días;Pagado
OC-5623;01-10-2023;14-10-2023;MegaComputo SRL;Computación;6134200138;60 días;Pagado
OC-5624;01-10-2023;20-10-2023;DistribuidoraTech SA;Tablets;2462918789;30 días;Pagado
OC-5625;01-10-2023;11-10-2023;ElectroImport SA;TV/Audio;3797058758;Contado;Pagado
OC-5626;01-10-2023;11-10-2023;AccesoriosTotal SRL;Accesorios;216210990;60 días;Pagado
OC-5627;01-10-2023;14-10-2023;MegaComputo SRL;Periféricos;2775364187;30 días;Pagado
OC-5628;01-10-2023;08-10-2023;MegaComputo SRL;Almacenamiento;1581254638;30 días;Pagado
OC-5629;01-10-2023;08-10-2023;NetSupply SA;Redes;1488216485;30 días;Pagado
OC-5630;01-10-2023;18-10-2023;NetSupply SA;Seguridad;985723713;30 días;Pagado
OC-5631;01-11-2023;18-11-2023;DistribuidoraTech SA;Smartphones;7631351651;Contado;Pagado
OC-5632;01-11-2023;12-11-2023;MegaComputo SRL;Computación;7159783081;Contado;Pagado
OC-5633;01-11-2023;08-11-2023;DistribuidoraTech SA;Tablets;2884900696;Contado;Pagado
OC-5634;01-11-2023;06-11-2023;ElectroImport SA;TV/Audio;5590043545;60 días;Pagado
OC-5635;01-11-2023;18-11-2023;AccesoriosTotal SRL;Accesorios;2292693805;60 días;Pagado
OC-5636;01-11-2023;17-11-2023;MegaComputo SRL;Periféricos;384841430;30 días;Pagado
OC-5637;01-11-2023;13-11-2023;MegaComputo SRL;Almacenamiento;1846656797;30 días;Pagado
OC-5638;01-11-2023;12-11-2023;NetSupply SA;Redes;1743224123;30 días;Pagado
OC-5639;01-11-2023;05-11-2023;NetSupply SA;Seguridad;1302405728;Contado;Pagado
OC-5640;01-12-2023;05-12-2023;DistribuidoraTech SA;Smartphones;5849712396;Contado;Pagado
OC-5641;01-12-2023;14-12-2023;MegaComputo SRL;Computación;7575956471;60 días;Pagado
OC-5642;01-12-2023;11-12-2023;DistribuidoraTech SA;Tablets;2987057408;30 días;Pagado
OC-5643;01-12-2023;16-12-2023;ElectroImport SA;TV/Audio;6337956896;60 días;Pagado
OC-5644;01-12-2023;10-12-2023;AccesoriosTotal SRL;Accesorios;262625181;60 días;Pagado
OC-5645;01-12-2023;08-12-2023;MegaComputo SRL;Periféricos;3022784544;60 días;Pagado
OC-5646;01-12-2023;12-12-2023;MegaComputo SRL;Almacenamiento;1626978243;Contado;Pagado
OC-5647;01-12-2023;06-12-2023;NetSupply SA;Redes;1497339093;30 días;Pagado
OC-5648;01-12-2023;17-12-2023;NetSupply SA;Seguridad;1299780011;60 días;Pagado
OC-5649;01-01-2024;10-01-2024;DistribuidoraTech SA;Smartphones;11602118714;60 días;Pagado
OC-5650;01-01-2024;16-01-2024;MegaComputo SRL;Computación;13959015793;30 días;Pagado
OC-5651;01-01-2024;16-01-2024;DistribuidoraTech SA;Tablets;553794205;30 días;Pagado
OC-5652;01-01-2024;19-01-2024;ElectroImport SA;TV/Audio;8613168425;Contado;Pagado
OC-5653;01-01-2024;09-01-2024;AccesoriosTotal SRL;Accesorios;4627291057;60 días;Pagado
OC-5654;01-01-2024;07-01-2024;MegaComputo SRL;Periféricos;5565800502;30 días;Pagado
OC-5655;01-01-2024;19-01-2024;MegaComputo SRL;Almacenamiento;3686885754;30 días;Pagado
OC-5656;01-01-2024;13-01-2024;NetSupply SA;Redes;3093069959;Contado;Pagado
OC-5657;01-01-2024;17-01-2024;NetSupply SA;Seguridad;2276897895;60 días;Pagado
OC-5658;01-02-2024;18-02-2024;DistribuidoraTech SA;Smartphones;10315875758;Contado;Pagado
OC-5659;01-02-2024;11-02-2024;MegaComputo SRL;Computación;15999315872;Contado;Pagado
OC-5660;01-02-2024;14-02-2024;DistribuidoraTech SA;Tablets;5480974399;Contado;Pagado
OC-5661;01-02-2024;12-02-2024;ElectroImport SA;TV/Audio;9742196613;Contado;Pagado
OC-5662;01-02-2024;11-02-2024;AccesoriosTotal SRL;Accesorios;4037238547;30 días;Pagado
OC-5663;01-02-2024;19-02-2024;MegaComputo SRL;Periféricos;6280616939;Contado;Pagado
OC-5664;01-02-2024;20-02-2024;MegaComputo SRL;Almacenamiento;3865177154;Contado;Pagado
OC-5665;01-02-2024;18-02-2024;NetSupply SA;Redes;3048704264;Contado;Pagado
OC-5666;01-02-2024;12-02-2024;NetSupply SA;Seguridad;2400176886;30 días;Pagado
OC-5667;01-03-2024;18-03-2024;DistribuidoraTech SA;Smartphones;13397524605;60 días;Pagado
OC-5668;01-03-2024;18-03-2024;MegaComputo SRL;Computación;13542607314;Contado;Pagado
OC-5669;01-03-2024;13-03-2024;DistribuidoraTech SA;Tablets;5631530307;30 días;Pagado
OC-5670;01-03-2024;13-03-2024;ElectroImport SA;TV/Audio;10407373926;60 días;Pagado
OC-5671;01-03-2024;17-03-2024;AccesoriosTotal SRL;Accesorios;5767614074;30 días;Pagado
OC-5672;01-03-2024;18-03-2024;MegaComputo SRL;Periféricos;6768361837;Contado;Pagado
OC-5673;01-03-2024;11-03-2024;MegaComputo SRL;Almacenamiento;3740123498;Contado;Pagado
OC-5674;01-03-2024;12-03-2024;NetSupply SA;Redes;3141819656;60 días;Pagado
OC-5675;01-03-2024;20-03-2024;NetSupply SA;Seguridad;2192143389;30 días;Pagado
OC-5676;01-04-2024;13-04-2024;DistribuidoraTech SA;Smartphones;14425546458;Contado;Pagado
OC-5677;01-04-2024;16-04-2024;MegaComputo SRL;Computación;15059907401;60 días;Pagado
OC-5678;01-04-2024;06-04-2024;DistribuidoraTech SA;Tablets;6359668885;Contado;Pagado
OC-5679;01-04-2024;15-04-2024;ElectroImport SA;TV/Audio;13840722022;Contado;Pagado
OC-5680;01-04-2024;09-04-2024;AccesoriosTotal SRL;Accesorios;5370479678;Contado;Pagado
OC-5681;01-04-2024;12-04-2024;MegaComputo SRL;Periféricos;7081650097;30 días;Pagado
OC-5682;01-04-2024;15-04-2024;MegaComputo SRL;Almacenamiento;3966384461;60 días;Pagado
OC-5683;01-04-2024;06-04-2024;NetSupply SA;Redes;3434545696;30 días;Pagado
OC-5684;01-04-2024;19-04-2024;NetSupply SA;Seguridad;2567981861;30 días;Pagado
OC-5685;01-05-2024;12-05-2024;DistribuidoraTech SA;Smartphones;13859295476;60 días;Pagado
OC-5686;01-05-2024;12-05-2024;MegaComputo SRL;Computación;1430098200;30 días;Pagado
OC-5687;01-05-2024;12-05-2024;DistribuidoraTech SA;Tablets;624503015;30 días;Pagado
OC-5688;01-05-2024;19-05-2024;ElectroImport SA;TV/Audio;12382402676;Contado;Pagado
OC-5689;01-05-2024;08-05-2024;AccesoriosTotal SRL;Accesorios;5925482065;Contado;Pagado
OC-5690;01-05-2024;18-05-2024;MegaComputo SRL;Periféricos;7463594464;Contado;Pagado
OC-5691;01-05-2024;05-05-2024;MegaComputo SRL;Almacenamiento;4394150323;60 días;Pagado
OC-5692;01-05-2024;13-05-2024;NetSupply SA;Redes;3845435717;60 días;Pagado
OC-5693;01-05-2024;14-05-2024;NetSupply SA;Seguridad;3061429045;60 días;Pagado
OC-5694;01-06-2024;19-06-2024;DistribuidoraTech SA;Smartphones;1631118532;30 días;Pagado
OC-5695;01-06-2024;11-06-2024;MegaComputo SRL;Computación;17431409705;30 días;Pagado
OC-5696;01-06-2024;13-06-2024;DistribuidoraTech SA;Tablets;7749200883;Contado;Pagado
OC-5697;01-06-2024;18-06-2024;ElectroImport SA;TV/Audio;10927147007;30 días;Pagado
OC-5698;01-06-2024;12-06-2024;AccesoriosTotal SRL;Accesorios;6110573304;60 días;Pagado
OC-5699;01-06-2024;07-06-2024;MegaComputo SRL;Periféricos;7616051948;60 días;Pagado
OC-5700;01-06-2024;10-06-2024;MegaComputo SRL;Almacenamiento;5133486589;Contado;Pagado
OC-5701;01-06-2024;15-06-2024;NetSupply SA;Redes;3892288335;60 días;Pagado
OC-5702;01-06-2024;10-06-2024;NetSupply SA;Seguridad;3000777487;60 días;Pagado
OC-5703;01-07-2024;18-07-2024;DistribuidoraTech SA;Smartphones;17633152611;60 días;Pagado
OC-5704;01-07-2024;10-07-2024;MegaComputo SRL;Computación;20356250328;Contado;Pagado
OC-5705;01-07-2024;05-07-2024;DistribuidoraTech SA;Tablets;8289521357;60 días;Pagado
OC-5706;01-07-2024;06-07-2024;ElectroImport SA;TV/Audio;14947955653;Contado;Pagado
OC-5707;01-07-2024;14-07-2024;AccesoriosTotal SRL;Accesorios;7023112115;30 días;Pagado
OC-5708;01-07-2024;08-07-2024;MegaComputo SRL;Periféricos;8891534356;Contado;Pagado
OC-5709;01-07-2024;08-07-2024;MegaComputo SRL;Almacenamiento;5109488399;60 días;Pagado
OC-5710;01-07-2024;14-07-2024;NetSupply SA;Redes;4234631657;30 días;Pagado
OC-5711;01-07-2024;07-07-2024;NetSupply SA;Seguridad;3207482192;60 días;Pagado
OC-5712;01-08-2024;08-08-2024;DistribuidoraTech SA;Smartphones;14236573211;30 días;Pagado
OC-5713;01-08-2024;18-08-2024;MegaComputo SRL;Computación;12704633815;30 días;Pagado
OC-5714;01-08-2024;14-08-2024;DistribuidoraTech SA;Tablets;5435092273;30 días;Pagado
OC-5715;01-08-2024;08-08-2024;ElectroImport SA;TV/Audio;12402676648;Contado;Pagado
OC-5716;01-08-2024;19-08-2024;AccesoriosTotal SRL;Accesorios;5345461139;30 días;Pagado
OC-5717;01-08-2024;07-08-2024;MegaComputo SRL;Periféricos;6819848934;30 días;Pagado
OC-5718;01-08-2024;07-08-2024;MegaComputo SRL;Almacenamiento;365416509;Contado;Pagado
OC-5719;01-08-2024;10-08-2024;NetSupply SA;Redes;3503114268;Contado;Pagado
OC-5720;01-08-2024;07-08-2024;NetSupply SA;Seguridad;2994337512;Contado;Pagado
OC-5721;01-09-2024;10-09-2024;DistribuidoraTech SA;Smartphones;15730938372;60 días;Pagado
OC-5722;01-09-2024;08-09-2024;MegaComputo SRL;Computación;1362363796;Contado;Pagado
OC-5723;01-09-2024;09-09-2024;DistribuidoraTech SA;Tablets;6935758131;60 días;Pagado
OC-5724;01-09-2024;11-09-2024;ElectroImport SA;TV/Audio;11285380075;60 días;Pagado
OC-5725;01-09-2024;15-09-2024;AccesoriosTotal SRL;Accesorios;4498322628;30 días;Pagado
OC-5726;01-09-2024;06-09-2024;MegaComputo SRL;Periféricos;6179356022;60 días;Pagado
OC-5727;01-09-2024;16-09-2024;MegaComputo SRL;Almacenamiento;3592307845;Contado;Pagado
OC-5728;01-09-2024;05-09-2024;NetSupply SA;Redes;3693455035;30 días;Pagado
OC-5729;01-09-2024;11-09-2024;NetSupply SA;Seguridad;2776909904;Contado;Pagado
OC-5730;01-10-2024;05-10-2024;DistribuidoraTech SA;Smartphones;1615535499;60 días;Pagado
OC-5731;01-10-2024;06-10-2024;MegaComputo SRL;Computación;1860509817;Contado;Pagado
OC-5732;01-10-2024;14-10-2024;DistribuidoraTech SA;Tablets;8746977169;60 días;Pagado
OC-5733;01-10-2024;17-10-2024;ElectroImport SA;TV/Audio;13313109987;30 días;Pagado
OC-5734;01-10-2024;11-10-2024;AccesoriosTotal SRL;Accesorios;6996476327;30 días;Pagado
OC-5735;01-10-2024;17-10-2024;MegaComputo SRL;Periféricos;8951249945;30 días;Pagado
OC-5736;01-10-2024;11-10-2024;MegaComputo SRL;Almacenamiento;4616295056;30 días;Pagado
OC-5737;01-10-2024;14-10-2024;NetSupply SA;Redes;4453216342;30 días;Pagado
OC-5738;01-10-2024;09-10-2024;NetSupply SA;Seguridad;3659405079;30 días;Pagado
OC-5739;01-11-2024;10-11-2024;DistribuidoraTech SA;Smartphones;25223486575;30 días;Pagado
OC-5740;01-11-2024;10-11-2024;MegaComputo SRL;Computación;25390206775;60 días;Pagado
OC-5741;01-11-2024;06-11-2024;DistribuidoraTech SA;Tablets;11297358091;Contado;Pagado
OC-5742;01-11-2024;09-11-2024;ElectroImport SA;TV/Audio;19417886591;Contado;Pagado
OC-5743;01-11-2024;14-11-2024;AccesoriosTotal SRL;Accesorios;9392725523;60 días;Pagado
OC-5744;01-11-2024;20-11-2024;MegaComputo SRL;Periféricos;12532996212;30 días;Pagado
OC-5745;01-11-2024;18-11-2024;MegaComputo SRL;Almacenamiento;798420211;30 días;Pagado
OC-5746;01-11-2024;20-11-2024;NetSupply SA;Redes;6270035053;Contado;Pagado
OC-5747;01-11-2024;10-11-2024;NetSupply SA;Seguridad;4643225465;60 días;Pagado
OC-5748;01-12-2024;18-12-2024;DistribuidoraTech SA;Smartphones;1964641629;30 días;Pagado
OC-5749;01-12-2024;10-12-2024;MegaComputo SRL;Computación;23437921889;Contado;Pagado
OC-5750;01-12-2024;09-12-2024;DistribuidoraTech SA;Tablets;9313763394;60 días;Pagado
OC-5751;01-12-2024;20-12-2024;ElectroImport SA;TV/Audio;17824825968;60 días;Pagado
OC-5752;01-12-2024;12-12-2024;AccesoriosTotal SRL;Accesorios;7556080823;30 días;Pagado
OC-5753;01-12-2024;20-12-2024;MegaComputo SRL;Periféricos;11070538927;30 días;Pagado
OC-5754;01-12-2024;18-12-2024;MegaComputo SRL;Almacenamiento;5448651349;30 días;Pagado
OC-5755;01-12-2024;11-12-2024;NetSupply SA;Redes;503962168;30 días;Pagado
OC-5756;01-12-2024;12-12-2024;NetSupply SA;Seguridad;4279776578;60 días;Pagado
OC-5757;01-01-2025;16-01-2025;DistribuidoraTech SA;Smartphones;25188693287;30 días;Pagado
OC-5758;01-01-2025;15-01-2025;MegaComputo SRL;Computación;28940418475;60 días;Pagado
OC-5759;01-01-2025;17-01-2025;DistribuidoraTech SA;Tablets;12705620963;Contado;Pagado
OC-5760;01-01-2025;12-01-2025;ElectroImport SA;TV/Audio;19411084113;60 días;Pagado
OC-5761;01-01-2025;09-01-2025;AccesoriosTotal SRL;Accesorios;902497204;60 días;Pagado
OC-5762;01-01-2025;14-01-2025;MegaComputo SRL;Periféricos;1155468253;Contado;Pagado
OC-5763;01-01-2025;05-01-2025;MegaComputo SRL;Almacenamiento;7571005033;30 días;Pagado
OC-5764;01-01-2025;06-01-2025;NetSupply SA;Redes;6987622876;Contado;Pagado
OC-5765;01-01-2025;19-01-2025;NetSupply SA;Seguridad;4955803171;Contado;Pagado
OC-5766;01-02-2025;18-02-2025;DistribuidoraTech SA;Smartphones;24833938937;Contado;Pagado
OC-5767;01-02-2025;06-02-2025;MegaComputo SRL;Computación;20929271342;30 días;Pagado
OC-5768;01-02-2025;19-02-2025;DistribuidoraTech SA;Tablets;8197971711;Contado;Pagado
OC-5769;01-02-2025;12-02-2025;ElectroImport SA;TV/Audio;1726229918;Contado;Pagado
OC-5770;01-02-2025;16-02-2025;AccesoriosTotal SRL;Accesorios;8088196011;Contado;Pagado
OC-5771;01-02-2025;13-02-2025;MegaComputo SRL;Periféricos;9952844583;60 días;Pagado
OC-5772;01-02-2025;12-02-2025;MegaComputo SRL;Almacenamiento;636505906;Contado;Pagado
OC-5773;01-02-2025;14-02-2025;NetSupply SA;Redes;4773208771;Contado;Pagado
OC-5774;01-02-2025;18-02-2025;NetSupply SA;Seguridad;442100885;Contado;Pagado
OC-5775;01-03-2025;16-03-2025;DistribuidoraTech SA;Smartphones;2724176911;Contado;Pagado
OC-5776;01-03-2025;11-03-2025;MegaComputo SRL;Computación;28659486384;Contado;Pagado
OC-5777;01-03-2025;08-03-2025;DistribuidoraTech SA;Tablets;12273694654;30 días;Pagado
OC-5778;01-03-2025;15-03-2025;ElectroImport SA;TV/Audio;24740483121;30 días;Pagado
OC-5779;01-03-2025;13-03-2025;AccesoriosTotal SRL;Accesorios;10517793902;Contado;Pagado
OC-5780;01-03-2025;13-03-2025;MegaComputo SRL;Periféricos;1288464402;60 días;Pagado
OC-5781;01-03-2025;10-03-2025;MegaComputo SRL;Almacenamiento;8479093901;30 días;Pagado
OC-5782;01-03-2025;10-03-2025;NetSupply SA;Redes;6349703946;60 días;Pagado
OC-5783;01-03-2025;05-03-2025;NetSupply SA;Seguridad;5571015032;Contado;Pagado
OC-5784;01-04-2025;15-04-2025;DistribuidoraTech SA;Smartphones;29754085547;60 días;Pagado
OC-5785;01-04-2025;15-04-2025;MegaComputo SRL;Computación;34150023049;Contado;Pagado
OC-5786;01-04-2025;10-04-2025;DistribuidoraTech SA;Tablets;12241282248;60 días;Pagado
OC-5787;01-04-2025;13-04-2025;ElectroImport SA;TV/Audio;19976917108;60 días;Pagado
OC-5788;01-04-2025;09-04-2025;AccesoriosTotal SRL;Accesorios;10938089896;60 días;Pagado
OC-5789;01-04-2025;07-04-2025;MegaComputo SRL;Periféricos;14157063491;Contado;Pagado
OC-5790;01-04-2025;14-04-2025;MegaComputo SRL;Almacenamiento;7962050275;Contado;Pagado
OC-5791;01-04-2025;17-04-2025;NetSupply SA;Redes;7053590988;60 días;Pagado
OC-5792;01-04-2025;16-04-2025;NetSupply SA;Seguridad;6362448205;Contado;Pagado
OC-5793;01-05-2025;18-05-2025;DistribuidoraTech SA;Smartphones;43560327247;Contado;Pagado
OC-5794;01-05-2025;08-05-2025;MegaComputo SRL;Computación;46961195746;Contado;Pagado
OC-5795;01-05-2025;12-05-2025;DistribuidoraTech SA;Tablets;22082172224;Contado;Pagado
OC-5796;01-05-2025;09-05-2025;ElectroImport SA;TV/Audio;32896257552;60 días;Pagado
OC-5797;01-05-2025;10-05-2025;AccesoriosTotal SRL;Accesorios;1827673269;30 días;Pagado
OC-5798;01-05-2025;20-05-2025;MegaComputo SRL;Periféricos;21866105007;60 días;Pagado
OC-5799;01-05-2025;12-05-2025;MegaComputo SRL;Almacenamiento;11882218013;30 días;Pagado
OC-5800;01-05-2025;17-05-2025;NetSupply SA;Redes;11280816093;60 días;Pagado
OC-5801;01-05-2025;06-05-2025;NetSupply SA;Seguridad;8670529083;60 días;Pagado
OC-5802;01-06-2025;20-06-2025;DistribuidoraTech SA;Smartphones;39947847213;Contado;Pagado
OC-5803;01-06-2025;05-06-2025;MegaComputo SRL;Computación;42906259152;60 días;Pagado
OC-5804;01-06-2025;06-06-2025;DistribuidoraTech SA;Tablets;17518725222;Contado;Pagado
OC-5805;01-06-2025;10-06-2025;ElectroImport SA;TV/Audio;2838286843;30 días;Pagado
OC-5806;01-06-2025;13-06-2025;AccesoriosTotal SRL;Accesorios;14661887902;30 días;Pagado
OC-5807;01-06-2025;12-06-2025;MegaComputo SRL;Periféricos;19581780951;60 días;Pagado
OC-5808;01-06-2025;18-06-2025;MegaComputo SRL;Almacenamiento;1069839539;Contado;Pagado
OC-5809;01-06-2025;08-06-2025;NetSupply SA;Redes;956850503;Contado;Pagado
OC-5810;01-06-2025;15-06-2025;NetSupply SA;Seguridad;7893267121;60 días;Pagado
OC-5811;01-07-2025;14-07-2025;DistribuidoraTech SA;Smartphones;45271159574;30 días;Pagado
OC-5812;01-07-2025;08-07-2025;MegaComputo SRL;Computación;4495214792;30 días;Pagado
OC-5813;01-07-2025;08-07-2025;DistribuidoraTech SA;Tablets;18617735205;30 días;Pagado
OC-5814;01-07-2025;17-07-2025;ElectroImport SA;TV/Audio;34706145564;30 días;Pagado
OC-5815;01-07-2025;08-07-2025;AccesoriosTotal SRL;Accesorios;16083494786;60 días;Pagado
OC-5816;01-07-2025;16-07-2025;MegaComputo SRL;Periféricos;18993063105;30 días;Pagado
OC-5817;01-07-2025;20-07-2025;MegaComputo SRL;Almacenamiento;1317598306;Contado;Pagado
OC-5818;01-07-2025;08-07-2025;NetSupply SA;Redes;10454512991;60 días;Pagado
OC-5819;01-07-2025;08-07-2025;NetSupply SA;Seguridad;8908634383;Contado;Pagado
OC-5820;01-08-2025;07-08-2025;DistribuidoraTech SA;Smartphones;29421425387;Contado;Pagado
OC-5821;01-08-2025;12-08-2025;MegaComputo SRL;Computación;34153343454;60 días;Pagado
OC-5822;01-08-2025;06-08-2025;DistribuidoraTech SA;Tablets;11872392508;30 días;Pagado
OC-5823;01-08-2025;18-08-2025;ElectroImport SA;TV/Audio;25865777926;30 días;Pagado
OC-5824;01-08-2025;10-08-2025;AccesoriosTotal SRL;Accesorios;11803630794;60 días;Pagado
OC-5825;01-08-2025;16-08-2025;MegaComputo SRL;Periféricos;1524482844;30 días;Pagado
OC-5826;01-08-2025;14-08-2025;MegaComputo SRL;Almacenamiento;9136983929;Contado;Pagado
OC-5827;01-08-2025;09-08-2025;NetSupply SA;Redes;7493908222;Contado;Pagado
OC-5828;01-08-2025;20-08-2025;NetSupply SA;Seguridad;6198442197;60 días;Pagado
OC-5829;01-09-2025;17-09-2025;DistribuidoraTech SA;Smartphones;33908138751;Contado;Pagado
OC-5830;01-09-2025;09-09-2025;MegaComputo SRL;Computación;37912253714;60 días;Pagado
OC-5831;01-09-2025;19-09-2025;DistribuidoraTech SA;Tablets;13707964598;Contado;Pagado
OC-5832;01-09-2025;08-09-2025;ElectroImport SA;TV/Audio;28769796369;30 días;Pagado
OC-5833;01-09-2025;05-09-2025;AccesoriosTotal SRL;Accesorios;13414176082;30 días;Pagado
OC-5834;01-09-2025;12-09-2025;MegaComputo SRL;Periféricos;1739712552;30 días;Pagado
OC-5835;01-09-2025;17-09-2025;MegaComputo SRL;Almacenamiento;10056568915;30 días;Pagado
OC-5836;01-09-2025;14-09-2025;NetSupply SA;Redes;7746096444;30 días;Pagado
OC-5837;01-09-2025;06-09-2025;NetSupply SA;Seguridad;8146178058;30 días;Pagado
OC-5838;01-10-2025;15-10-2025;DistribuidoraTech SA;Smartphones;39664892244;60 días;Pagado
OC-5839;01-10-2025;07-10-2025;MegaComputo SRL;Computación;37743783218;60 días;Pagado
OC-5840;01-10-2025;14-10-2025;DistribuidoraTech SA;Tablets;17541018641;60 días;Pagado
OC-5841;01-10-2025;05-10-2025;ElectroImport SA;TV/Audio;3042935184;30 días;Pagado
OC-5842;01-10-2025;06-10-2025;AccesoriosTotal SRL;Accesorios;15503772056;30 días;Pagado
OC-5843;01-10-2025;20-10-2025;MegaComputo SRL;Periféricos;17064574761;60 días;Pagado
OC-5844;01-10-2025;16-10-2025;MegaComputo SRL;Almacenamiento;11808975303;60 días;Pagado
OC-5845;01-10-2025;20-10-2025;NetSupply SA;Redes;9131932513;60 días;Pagado
OC-5846;01-10-2025;18-10-2025;NetSupply SA;Seguridad;878101861;60 días;Pagado
OC-5847;01-11-2025;13-11-2025;DistribuidoraTech SA;Smartphones;46634106565;Contado;Pagado
OC-5848;01-11-2025;05-11-2025;MegaComputo SRL;Computación;54715498923;60 días;Pagado
OC-5849;01-11-2025;20-11-2025;DistribuidoraTech SA;Tablets;22663365845;30 días;Pagado
OC-5850;01-11-2025;18-11-2025;ElectroImport SA;TV/Audio;38972829029;Contado;Pagado
OC-5851;01-11-2025;18-11-2025;AccesoriosTotal SRL;Accesorios;19058868272;60 días;Pagado
OC-5852;01-11-2025;14-11-2025;MegaComputo SRL;Periféricos;25583550339;Contado;Pagado
OC-5853;01-11-2025;18-11-2025;MegaComputo SRL;Almacenamiento;13409064501;60 días;Pagado
OC-5854;01-11-2025;13-11-2025;NetSupply SA;Redes;1246304291;Contado;Pagado
OC-5855;01-11-2025;15-11-2025;NetSupply SA;Seguridad;9094455645;60 días;Pagado
OC-5856;01-12-2025;15-12-2025;DistribuidoraTech SA;Smartphones;47819123464;60 días;Pagado
OC-5857;01-12-2025;14-12-2025;MegaComputo SRL;Computación;47165307882;30 días;Pagado
OC-5858;01-12-2025;07-12-2025;DistribuidoraTech SA;Tablets;19134475263;Contado;Pagado
OC-5859;01-12-2025;15-12-2025;ElectroImport SA;TV/Audio;37748426309;60 días;Pagado
OC-5860;01-12-2025;08-12-2025;AccesoriosTotal SRL;Accesorios;20617355662;Contado;Pagado
OC-5861;01-12-2025;10-12-2025;MegaComputo SRL;Periféricos;23351556565;60 días;Pagado
OC-5862;01-12-2025;14-12-2025;MegaComputo SRL;Almacenamiento;16167208659;60 días;Pagado
OC-5863;01-12-2025;15-12-2025;NetSupply SA;Redes;12245625725;60 días;Pagado
OC-5864;01-12-2025;16-12-2025;NetSupply SA;Seguridad;9366782665;60 días;Pagado
